/*
SQLyog Community v13.1.7 (64 bit)
MySQL - 10.4.21-MariaDB : Database - db_sistemas
*********************************************************************
*/

/*!40101 SET NAMES utf8 */;

/*!40101 SET SQL_MODE=''*/;

/*!40014 SET @OLD_UNIQUE_CHECKS=@@UNIQUE_CHECKS, UNIQUE_CHECKS=0 */;
/*!40014 SET @OLD_FOREIGN_KEY_CHECKS=@@FOREIGN_KEY_CHECKS, FOREIGN_KEY_CHECKS=0 */;
/*!40101 SET @OLD_SQL_MODE=@@SQL_MODE, SQL_MODE='NO_AUTO_VALUE_ON_ZERO' */;
/*!40111 SET @OLD_SQL_NOTES=@@SQL_NOTES, SQL_NOTES=0 */;
CREATE DATABASE /*!32312 IF NOT EXISTS*/`db_sistemas` /*!40100 DEFAULT CHARACTER SET utf8mb4 */;

USE `db_sistemas`;

/*Table structure for table `accesorio` */

DROP TABLE IF EXISTS `accesorio`;

CREATE TABLE `accesorio` (
  `Id_accesorio` int(11) NOT NULL AUTO_INCREMENT,
  `foto` varchar(50) NOT NULL,
  `descripcion` varchar(50) NOT NULL,
  `modelo` varchar(20) NOT NULL,
  `marca` varchar(20) NOT NULL,
  `condicion` varchar(20) NOT NULL,
  `total` int(20) NOT NULL,
  `Id_oficina` int(11) NOT NULL,
  `Id_departamento` int(11) NOT NULL,
  `costo` int(10) NOT NULL,
  `disponibilidad` varchar(20) NOT NULL,
  PRIMARY KEY (`Id_accesorio`),
  KEY `Id_oficina` (`Id_oficina`),
  KEY `Id_departamento` (`Id_departamento`),
  CONSTRAINT `accesorio_ibfk_2` FOREIGN KEY (`Id_oficina`) REFERENCES `oficina` (`Id_Oficina`) ON DELETE CASCADE ON UPDATE CASCADE,
  CONSTRAINT `accesorio_ibfk_3` FOREIGN KEY (`Id_departamento`) REFERENCES `departamentos` (`Id_departamento`) ON DELETE CASCADE ON UPDATE CASCADE
) ENGINE=InnoDB AUTO_INCREMENT=2 DEFAULT CHARSET=utf8mb4;

/*Data for the table `accesorio` */

insert  into `accesorio`(`Id_accesorio`,`foto`,`descripcion`,`modelo`,`marca`,`condicion`,`total`,`Id_oficina`,`Id_departamento`,`costo`,`disponibilidad`) values 
(1,'nobay.jpg','mouse','XL5','Logitech','mala',2,1,6,599,'si');

/*Table structure for table `celular` */

DROP TABLE IF EXISTS `celular`;

CREATE TABLE `celular` (
  `Id_celular` int(11) NOT NULL AUTO_INCREMENT,
  `foto` varchar(200) NOT NULL,
  `modelo` varchar(10) DEFAULT NULL,
  `marca` varchar(20) NOT NULL,
  `estado_bateria` int(3) DEFAULT NULL,
  `total` int(20) NOT NULL,
  `Id_oficina` int(11) NOT NULL,
  `Id_departamento` int(11) NOT NULL,
  `costo` int(20) NOT NULL,
  `disponibilidad` varchar(20) NOT NULL,
  `asignado_a` varchar(100) NOT NULL,
  `contrasena` varchar(10) DEFAULT NULL,
  `IMEI` varchar(20) NOT NULL,
  `telefono_uno` varchar(10) NOT NULL,
  `telefono2` varchar(10) NOT NULL,
  `telefono3` varchar(10) NOT NULL,
  `cuenta_correo` varchar(50) NOT NULL,
  `password_correo` varchar(20) DEFAULT NULL,
  PRIMARY KEY (`Id_celular`),
  KEY `Id_oficina` (`Id_oficina`),
  KEY `Id_departamento` (`Id_departamento`),
  CONSTRAINT `celular_ibfk_2` FOREIGN KEY (`Id_oficina`) REFERENCES `oficina` (`Id_Oficina`) ON DELETE CASCADE ON UPDATE CASCADE,
  CONSTRAINT `celular_ibfk_3` FOREIGN KEY (`Id_departamento`) REFERENCES `departamentos` (`Id_departamento`) ON DELETE CASCADE ON UPDATE CASCADE
) ENGINE=InnoDB AUTO_INCREMENT=1125 DEFAULT CHARSET=utf8mb4;

/*Data for the table `celular` */

insert  into `celular`(`Id_celular`,`foto`,`modelo`,`marca`,`estado_bateria`,`total`,`Id_oficina`,`Id_departamento`,`costo`,`disponibilidad`,`asignado_a`,`contrasena`,`IMEI`,`telefono_uno`,`telefono2`,`telefono3`,`cuenta_correo`,`password_correo`) values 
(1029,'nohay.jpg','IPHONE 13','APPLE',99,1,1,6,7800,'ASIGNADO','DANIELA COBARUBIAS','','3.51E+14','8118221668','8123902071','1234567890','dev@kabzo.org','12345'),
(1030,'nohay.jpg','IPHONE 13','APPLE',99,1,1,6,7800,'ASIGNADO','DANIELA COBARUBIAS','','3.51E+14','8118221668','8123902071','1234567890','dev@kabzo.org','12345'),
(1031,'nohay.jpg','IPHONE 13','APPLE',99,1,1,6,7800,'ASIGNADO','DANIELA COBARUBIAS','','3.51E+14','8118221668','8123902071','1234567890','dev@kabzo.org','12345'),
(1032,'nohay.jpg','IPHONE 13','APPLE',99,1,1,6,7800,'ASIGNADO','DANIELA COBARUBIAS','','3.51E+14','8118221668','8123902071','1234567890','dev@kabzo.org','12345'),
(1033,'nohay.jpg','IPHONE 13','APPLE',99,1,1,6,7800,'ASIGNADO','DANIELA COBARUBIAS','','3.51E+14','8118221668','8123902071','1234567890','dev@kabzo.org','12345'),
(1034,'nohay.jpg','IPHONE 13','APPLE',99,1,1,6,7800,'ASIGNADO','DANIELA COBARUBIAS','','3.51E+14','8118221668','8123902071','1234567890','dev@kabzo.org','12345'),
(1035,'nohay.jpg','IPHONE 13','APPLE',99,1,1,6,7800,'ASIGNADO','DANIELA COBARUBIAS','','3.51E+14','8118221668','8123902071','1234567890','dev@kabzo.org','12345'),
(1036,'nohay.jpg','IPHONE 13','APPLE',99,1,1,6,7800,'ASIGNADO','DANIELA COBARUBIAS','','3.52E+14','8118221668','8123902071','1234567890','dev@kabzo.org','12345'),
(1037,'nohay.jpg','IPHONE 13','APPLE',99,1,1,6,7800,'ASIGNADO','DANIELA COBARUBIAS','','3.52E+14','8118221668','8123902071','1234567890','dev@kabzo.org','12345'),
(1038,'nohay.jpg','IPHONE 13','APPLE',99,1,1,6,7800,'ASIGNADO','DANIELA COBARUBIAS','','3.52E+14','8118221668','8123902071','1234567890','dev@kabzo.org','12345'),
(1039,'nohay.jpg','IPHONE 13','APPLE',99,1,1,6,7800,'ASIGNADO','DANIELA COBARUBIAS','','3.52E+14','8118221668','8123902071','1234567890','dev@kabzo.org','12345'),
(1040,'nohay.jpg','IPHONE 13','APPLE',99,1,1,6,7800,'ASIGNADO','DANIELA COBARUBIAS','','3.52E+14','8118221668','8123902071','1234567890','dev@kabzo.org','12345'),
(1041,'nohay.jpg','IPHONE 13','APPLE',99,1,1,6,7800,'ASIGNADO','DANIELA COBARUBIAS','','3.52E+14','8118221668','8123902071','1234567890','dev@kabzo.org','12345'),
(1042,'nohay.jpg','IPHONE 13','APPLE',99,1,1,6,7800,'ASIGNADO','DANIELA COBARUBIAS','','3.52E+14','8118221668','8123902071','1234567890','dev@kabzo.org','12345'),
(1043,'nohay.jpg','IPHONE 13','APPLE',99,1,1,6,7800,'ASIGNADO','DANIELA COBARUBIAS','','3.53E+14','8118221668','8123902071','1234567890','dev@kabzo.org','12345'),
(1044,'nohay.jpg','IPHONE 13','APPLE',99,1,1,6,7800,'ASIGNADO','DANIELA COBARUBIAS','','3.53E+14','8118221668','8123902071','1234567890','dev@kabzo.org','12345'),
(1045,'nohay.jpg','IPHONE 13','APPLE',99,1,1,6,7800,'ASIGNADO','DANIELA COBARUBIAS','','3.53E+14','8118221668','8123902071','1234567890','dev@kabzo.org','12345'),
(1046,'nohay.jpg','IPHONE 13','APPLE',99,1,1,6,7800,'ASIGNADO','DANIELA COBARUBIAS','','3.53E+14','8118221668','8123902071','1234567890','dev@kabzo.org','12345'),
(1047,'nohay.jpg','IPHONE 13','APPLE',99,1,1,6,7800,'ASIGNADO','DANIELA COBARUBIAS','','3.53E+14','8118221668','8123902071','1234567890','dev@kabzo.org','12345'),
(1048,'nohay.jpg','IPHONE 13','APPLE',99,1,1,6,7800,'ASIGNADO','DANIELA COBARUBIAS','','3.53E+14','8118221668','8123902071','1234567890','dev@kabzo.org','12345'),
(1049,'nohay.jpg','IPHONE 13','APPLE',99,1,1,6,7800,'ASIGNADO','DANIELA COBARUBIAS','','3.53E+14','8118221668','8123902071','1234567890','dev@kabzo.org','12345'),
(1050,'nohay.jpg','IPHONE 13','APPLE',99,1,1,6,7800,'ASIGNADO','DANIELA COBARUBIAS','','3.53E+14','8118221668','8123902071','1234567890','dev@kabzo.org','12345'),
(1051,'nohay.jpg','IPHONE 13','APPLE',99,1,1,6,7800,'ASIGNADO','DANIELA COBARUBIAS','','3.54E+14','8118221668','8123902071','1234567890','dev@kabzo.org','12345'),
(1052,'nohay.jpg','IPHONE 13','APPLE',99,1,1,6,7800,'ASIGNADO','DANIELA COBARUBIAS','','3.54E+14','8118221668','8123902071','1234567890','dev@kabzo.org','12345'),
(1053,'nohay.jpg','IPHONE 13','APPLE',99,1,1,6,7800,'ASIGNADO','DANIELA COBARUBIAS','','3.54E+14','8118221668','8123902071','1234567890','dev@kabzo.org','12345'),
(1054,'nohay.jpg','IPHONE 13','APPLE',99,1,1,6,7800,'ASIGNADO','DANIELA COBARUBIAS','','3.54E+14','8118221668','8123902071','1234567890','dev@kabzo.org','12345'),
(1055,'nohay.jpg','IPHONE 13','APPLE',99,1,1,6,7800,'ASIGNADO','DANIELA COBARUBIAS','','3.54E+14','8118221668','8123902071','1234567890','dev@kabzo.org','12345'),
(1056,'nohay.jpg','IPHONE 13','APPLE',99,1,1,6,7800,'ASIGNADO','DANIELA COBARUBIAS','','3.54E+14','8118221668','8123902071','1234567890','dev@kabzo.org','12345'),
(1057,'nohay.jpg','IPHONE 13','APPLE',99,1,1,6,7800,'ASIGNADO','DANIELA COBARUBIAS','','3.54E+14','8118221668','8123902071','1234567890','dev@kabzo.org','12345'),
(1058,'nohay.jpg','IPHONE 13','APPLE',99,1,1,6,7800,'ASIGNADO','DANIELA COBARUBIAS','','3.55E+14','8118221668','8123902071','1234567890','dev@kabzo.org','12345'),
(1059,'nohay.jpg','IPHONE 13','APPLE',99,1,1,6,7800,'ASIGNADO','DANIELA COBARUBIAS','','3.55E+14','8118221668','8123902071','1234567890','dev@kabzo.org','12345'),
(1060,'nohay.jpg','IPHONE 13','APPLE',99,1,1,6,7800,'ASIGNADO','DANIELA COBARUBIAS','','3.55E+14','8118221668','8123902071','1234567890','dev@kabzo.org','12345'),
(1061,'nohay.jpg','IPHONE 13','APPLE',99,1,1,6,7800,'ASIGNADO','DANIELA COBARUBIAS','','3.55E+14','8118221668','8123902071','1234567890','dev@kabzo.org','12345'),
(1062,'nohay.jpg','IPHONE 13','APPLE',99,1,1,6,7800,'ASIGNADO','DANIELA COBARUBIAS','','3.55E+14','8118221668','8123902071','1234567890','dev@kabzo.org','12345'),
(1063,'nohay.jpg','IPHONE 13','APPLE',99,1,1,6,7800,'ASIGNADO','DANIELA COBARUBIAS','','3.55E+14','8118221668','8123902071','1234567890','dev@kabzo.org','12345'),
(1064,'nohay.jpg','IPHONE 13','APPLE',99,1,1,6,7800,'ASIGNADO','DANIELA COBARUBIAS','','3.55E+14','8118221668','8123902071','1234567890','dev@kabzo.org','12345'),
(1065,'nohay.jpg','IPHONE 13','APPLE',99,1,1,6,7800,'ASIGNADO','DANIELA COBARUBIAS','','3.55E+14','8118221668','8123902071','1234567890','dev@kabzo.org','12345'),
(1066,'nohay.jpg','IPHONE 13','APPLE',99,1,1,6,7800,'ASIGNADO','DANIELA COBARUBIAS','','3.56E+14','8118221668','8123902071','1234567890','dev@kabzo.org','12345'),
(1067,'nohay.jpg','IPHONE 13','APPLE',99,1,1,6,7800,'ASIGNADO','DANIELA COBARUBIAS','','3.56E+14','8118221668','8123902071','1234567890','dev@kabzo.org','12345'),
(1068,'nohay.jpg','IPHONE 13','APPLE',99,1,1,6,7800,'ASIGNADO','DANIELA COBARUBIAS','','3.56E+14','8118221668','8123902071','1234567890','dev@kabzo.org','12345'),
(1069,'nohay.jpg','IPHONE 13','APPLE',99,1,1,6,7800,'ASIGNADO','DANIELA COBARUBIAS','','3.56E+14','8118221668','8123902071','1234567890','dev@kabzo.org','12345'),
(1070,'nohay.jpg','IPHONE 13','APPLE',99,1,1,6,7800,'ASIGNADO','DANIELA COBARUBIAS','','3.56E+14','8118221668','8123902071','1234567890','dev@kabzo.org','12345'),
(1071,'nohay.jpg','IPHONE 13','APPLE',99,1,1,6,7800,'ASIGNADO','DANIELA COBARUBIAS','','3.56E+14','8118221668','8123902071','1234567890','dev@kabzo.org','12345'),
(1072,'nohay.jpg','IPHONE 13','APPLE',99,1,1,6,7800,'ASIGNADO','DANIELA COBARUBIAS','','3.56E+14','8118221668','8123902071','1234567890','dev@kabzo.org','12345'),
(1073,'nohay.jpg','IPHONE 13','APPLE',99,1,1,6,7800,'ASIGNADO','DANIELA COBARUBIAS','','3.57E+14','8118221668','8123902071','1234567890','dev@kabzo.org','12345'),
(1074,'nohay.jpg','IPHONE 13','APPLE',99,1,1,6,7800,'ASIGNADO','DANIELA COBARUBIAS','','3.57E+14','8118221668','8123902071','1234567890','dev@kabzo.org','12345'),
(1075,'nohay.jpg','IPHONE 13','APPLE',99,1,1,6,7800,'ASIGNADO','DANIELA COBARUBIAS','','3.57E+14','8118221668','8123902071','1234567890','dev@kabzo.org','12345'),
(1076,'nohay.jpg','IPHONE 13','APPLE',99,1,1,6,7800,'ASIGNADO','DANIELA COBARUBIAS','','3.57E+14','8118221668','8123902071','1234567890','dev@kabzo.org','12345'),
(1077,'nohay.jpg','IPHONE 13','APPLE',99,1,1,6,7800,'ASIGNADO','DANIELA COBARUBIAS','','3.57E+14','8118221668','8123902071','1234567890','dev@kabzo.org','12345'),
(1078,'nohay.jpg','IPHONE 13','APPLE',99,1,1,6,7800,'ASIGNADO','DANIELA COBARUBIAS','','3.57E+14','8118221668','8123902071','1234567890','dev@kabzo.org','12345'),
(1079,'nohay.jpg','IPHONE 13','APPLE',99,1,1,6,7800,'ASIGNADO','DANIELA COBARUBIAS','','3.57E+14','8118221668','8123902071','1234567890','dev@kabzo.org','12345'),
(1080,'nohay.jpg','IPHONE 13','APPLE',99,1,1,6,7800,'ASIGNADO','DANIELA COBARUBIAS','','3.57E+14','8118221668','8123902071','1234567890','dev@kabzo.org','12345'),
(1081,'nohay.jpg','IPHONE 13','APPLE',99,1,1,6,7800,'ASIGNADO','DANIELA COBARUBIAS','','3.58E+14','8118221668','8123902071','1234567890','dev@kabzo.org','12345'),
(1082,'nohay.jpg','IPHONE 13','APPLE',99,1,1,6,7800,'ASIGNADO','DANIELA COBARUBIAS','','3.58E+14','8118221668','8123902071','1234567890','dev@kabzo.org','12345'),
(1083,'nohay.jpg','IPHONE 13','APPLE',99,1,1,6,7800,'ASIGNADO','DANIELA COBARUBIAS','','3.58E+14','8118221668','8123902071','1234567890','dev@kabzo.org','12345'),
(1084,'nohay.jpg','IPHONE 13','APPLE',99,1,1,6,7800,'ASIGNADO','DANIELA COBARUBIAS','','3.58E+14','8118221668','8123902071','1234567890','dev@kabzo.org','12345'),
(1085,'nohay.jpg','IPHONE 13','APPLE',99,1,1,6,7800,'ASIGNADO','DANIELA COBARUBIAS','','3.58E+14','8118221668','8123902071','1234567890','dev@kabzo.org','12345'),
(1086,'nohay.jpg','IPHONE 13','APPLE',99,1,1,6,7800,'ASIGNADO','DANIELA COBARUBIAS','','3.58E+14','8118221668','8123902071','1234567890','dev@kabzo.org','12345'),
(1087,'nohay.jpg','IPHONE 13','APPLE',99,1,1,6,7800,'ASIGNADO','DANIELA COBARUBIAS','','3.58E+14','8118221668','8123902071','1234567890','dev@kabzo.org','12345'),
(1088,'nohay.jpg','IPHONE 13','APPLE',99,1,1,6,7800,'ASIGNADO','DANIELA COBARUBIAS','','3.59E+14','8118221668','8123902071','1234567890','dev@kabzo.org','12345'),
(1089,'nohay.jpg','IPHONE 13','APPLE',99,1,1,6,7800,'ASIGNADO','DANIELA COBARUBIAS','','3.59E+14','8118221668','8123902071','1234567890','dev@kabzo.org','12345'),
(1090,'nohay.jpg','IPHONE 13','APPLE',99,1,1,6,7800,'ASIGNADO','DANIELA COBARUBIAS','','3.59E+14','8118221668','8123902071','1234567890','dev@kabzo.org','12345'),
(1091,'nohay.jpg','IPHONE 13','APPLE',99,1,1,6,7800,'ASIGNADO','DANIELA COBARUBIAS','','3.59E+14','8118221668','8123902071','1234567890','dev@kabzo.org','12345'),
(1092,'nohay.jpg','IPHONE 13','APPLE',99,1,1,6,7800,'ASIGNADO','DANIELA COBARUBIAS','','3.59E+14','8118221668','8123902071','1234567890','dev@kabzo.org','12345'),
(1093,'nohay.jpg','IPHONE 13','APPLE',99,1,1,6,7800,'ASIGNADO','DANIELA COBARUBIAS','','3.59E+14','8118221668','8123902071','1234567890','dev@kabzo.org','12345'),
(1094,'nohay.jpg','IPHONE 13','APPLE',99,1,1,6,7800,'ASIGNADO','DANIELA COBARUBIAS','','3.59E+14','8118221668','8123902071','1234567890','dev@kabzo.org','12345'),
(1095,'nohay.jpg','IPHONE 13','APPLE',99,1,1,6,7800,'ASIGNADO','DANIELA COBARUBIAS','','3.59E+14','8118221668','8123902071','1234567890','dev@kabzo.org','12345'),
(1096,'nohay.jpg','IPHONE 13','APPLE',99,1,1,6,7800,'ASIGNADO','DANIELA COBARUBIAS','','3.60E+14','8118221668','8123902071','1234567890','dev@kabzo.org','12345'),
(1097,'nohay.jpg','IPHONE 13','APPLE',99,1,1,6,7800,'ASIGNADO','DANIELA COBARUBIAS','','3.60E+14','8118221668','8123902071','1234567890','dev@kabzo.org','12345'),
(1098,'nohay.jpg','IPHONE 13','APPLE',99,1,1,6,7800,'ASIGNADO','DANIELA COBARUBIAS','','3.60E+14','8118221668','8123902071','1234567890','dev@kabzo.org','12345'),
(1099,'nohay.jpg','IPHONE 13','APPLE',99,1,1,6,7800,'ASIGNADO','DANIELA COBARUBIAS','','3.60E+14','8118221668','8123902071','1234567890','dev@kabzo.org','12345'),
(1100,'nohay.jpg','IPHONE 13','APPLE',99,1,1,6,7800,'ASIGNADO','DANIELA COBARUBIAS','','3.60E+14','8118221668','8123902071','1234567890','dev@kabzo.org','12345'),
(1101,'nohay.jpg','IPHONE 13','APPLE',99,1,1,6,7800,'ASIGNADO','DANIELA COBARUBIAS','','3.60E+14','8118221668','8123902071','1234567890','dev@kabzo.org','12345'),
(1102,'nohay.jpg','IPHONE 13','APPLE',99,1,1,6,7800,'ASIGNADO','DANIELA COBARUBIAS','','3.60E+14','8118221668','8123902071','1234567890','dev@kabzo.org','12345'),
(1103,'nohay.jpg','IPHONE 13','APPLE',99,1,1,6,7800,'ASIGNADO','DANIELA COBARUBIAS','','3.61E+14','8118221668','8123902071','1234567890','dev@kabzo.org','12345'),
(1104,'nohay.jpg','IPHONE 13','APPLE',99,1,1,6,7800,'ASIGNADO','DANIELA COBARUBIAS','','3.61E+14','8118221668','8123902071','1234567890','dev@kabzo.org','12345'),
(1105,'nohay.jpg','IPHONE 13','APPLE',99,1,1,6,7800,'ASIGNADO','DANIELA COBARUBIAS','','3.61E+14','8118221668','8123902071','1234567890','dev@kabzo.org','12345'),
(1106,'nohay.jpg','IPHONE 13','APPLE',99,1,1,6,7800,'ASIGNADO','DANIELA COBARUBIAS','','3.61E+14','8118221668','8123902071','1234567890','dev@kabzo.org','12345'),
(1107,'nohay.jpg','IPHONE 13','APPLE',99,1,1,6,7800,'ASIGNADO','DANIELA COBARUBIAS','','3.61E+14','8118221668','8123902071','1234567890','dev@kabzo.org','12345'),
(1108,'nohay.jpg','IPHONE 13','APPLE',99,1,1,6,7800,'ASIGNADO','DANIELA COBARUBIAS','','3.61E+14','8118221668','8123902071','1234567890','dev@kabzo.org','12345'),
(1109,'nohay.jpg','IPHONE 13','APPLE',99,1,1,6,7800,'ASIGNADO','DANIELA COBARUBIAS','','3.61E+14','8118221668','8123902071','1234567890','dev@kabzo.org','12345'),
(1110,'nohay.jpg','IPHONE 13','APPLE',99,1,1,6,7800,'ASIGNADO','DANIELA COBARUBIAS','','3.62E+14','8118221668','8123902071','1234567890','dev@kabzo.org','12345'),
(1111,'nohay.jpg','IPHONE 13','APPLE',99,1,1,6,7800,'ASIGNADO','DANIELA COBARUBIAS','','3.62E+14','8118221668','8123902071','1234567890','dev@kabzo.org','12345'),
(1112,'nohay.jpg','IPHONE 13','APPLE',99,1,1,6,7800,'ASIGNADO','DANIELA COBARUBIAS','','3.62E+14','8118221668','8123902071','1234567890','dev@kabzo.org','12345'),
(1113,'nohay.jpg','IPHONE 13','APPLE',99,1,1,6,7800,'ASIGNADO','DANIELA COBARUBIAS','','3.62E+14','8118221668','8123902071','1234567890','dev@kabzo.org','12345'),
(1114,'nohay.jpg','IPHONE 13','APPLE',99,1,1,6,7800,'ASIGNADO','DANIELA COBARUBIAS','','3.62E+14','8118221668','8123902071','1234567890','dev@kabzo.org','12345'),
(1115,'nohay.jpg','IPHONE 13','APPLE',99,1,1,6,7800,'ASIGNADO','DANIELA COBARUBIAS','','3.62E+14','8118221668','8123902071','1234567890','dev@kabzo.org','12345'),
(1116,'nohay.jpg','IPHONE 13','APPLE',99,1,1,6,7800,'ASIGNADO','DANIELA COBARUBIAS','','3.62E+14','8118221668','8123902071','1234567890','dev@kabzo.org','12345'),
(1117,'nohay.jpg','IPHONE 13','APPLE',99,1,1,6,7800,'ASIGNADO','DANIELA COBARUBIAS','','3.62E+14','8118221668','8123902071','1234567890','dev@kabzo.org','12345'),
(1118,'nohay.jpg','IPHONE 13','APPLE',99,1,1,6,7800,'ASIGNADO','DANIELA COBARUBIAS','','3.63E+14','8118221668','8123902071','1234567890','dev@kabzo.org','12345'),
(1119,'nohay.jpg','IPHONE 13','APPLE',99,1,1,6,7800,'ASIGNADO','DANIELA COBARUBIAS','','3.63E+14','8118221668','8123902071','1234567890','dev@kabzo.org','12345'),
(1120,'nohay.jpg','IPHONE 13','APPLE',99,1,1,6,7800,'ASIGNADO','DANIELA COBARUBIAS','','3.63E+14','8118221668','8123902071','1234567890','dev@kabzo.org','12345'),
(1121,'nohay.jpg','IPHONE 13','APPLE',99,1,1,6,7800,'ASIGNADO','DANIELA COBARUBIAS','','3.63E+14','8118221668','8123902071','1234567890','dev@kabzo.org','12345'),
(1122,'nohay.jpg','IPHONE 13','APPLE',99,1,1,6,7800,'ASIGNADO','DANIELA COBARUBIAS','','3.63E+14','8118221668','8123902071','1234567890','dev@kabzo.org','12345'),
(1123,'nohay.jpg','IPHONE 13','APPLE',99,1,1,6,7800,'ASIGNADO','DANIELA COBARUBIAS','','3.63E+14','8118221668','8123902071','1234567890','dev@kabzo.org','12345'),
(1124,'nohay.jpg','IPHONE 13','APPLE',99,1,1,6,7800,'ASIGNADO','DANIELA COBARUBIAS','','3.63E+14','8118221668','8123902071','1234567890','dev@kabzo.org','12345');

/*Table structure for table `computadora` */

DROP TABLE IF EXISTS `computadora`;

CREATE TABLE `computadora` (
  `Id_computadora` int(11) NOT NULL AUTO_INCREMENT,
  `foto` varchar(200) NOT NULL,
  `descripcion` varchar(200) DEFAULT NULL,
  `modelo` varchar(50) NOT NULL,
  `marca` varchar(20) NOT NULL,
  `tipoDisco` varchar(20) NOT NULL,
  `procesador` varchar(15) NOT NULL,
  `espacioDisco` varchar(10) NOT NULL,
  `ram` varchar(10) NOT NULL,
  `condicion` varchar(250) NOT NULL,
  `contrasena` int(100) NOT NULL,
  `total` int(10) NOT NULL,
  `Id_oficina` int(11) NOT NULL,
  `Id_departamento` int(11) DEFAULT NULL,
  `costo` int(10) NOT NULL,
  `disponibilidad` varchar(10) NOT NULL,
  `asignado_a` varchar(100) NOT NULL,
  `correo_asociado` varchar(100) DEFAULT NULL,
  PRIMARY KEY (`Id_computadora`),
  KEY `Id_oficina` (`Id_oficina`),
  KEY `Id_departamento` (`Id_departamento`),
  CONSTRAINT `computadora_ibfk_1` FOREIGN KEY (`Id_oficina`) REFERENCES `oficina` (`Id_Oficina`) ON DELETE CASCADE ON UPDATE CASCADE,
  CONSTRAINT `computadora_ibfk_4` FOREIGN KEY (`Id_departamento`) REFERENCES `departamentos` (`Id_departamento`) ON DELETE CASCADE ON UPDATE CASCADE
) ENGINE=InnoDB AUTO_INCREMENT=947 DEFAULT CHARSET=utf8mb4;

/*Data for the table `computadora` */

insert  into `computadora`(`Id_computadora`,`foto`,`descripcion`,`modelo`,`marca`,`tipoDisco`,`procesador`,`espacioDisco`,`ram`,`condicion`,`contrasena`,`total`,`Id_oficina`,`Id_departamento`,`costo`,`disponibilidad`,`asignado_a`,`correo_asociado`) values 
(278,'﻿tufoto.jpg','anose','HP 15 dx3xxx','HP','SSD','I7','512GB','8','mala',123,1,1,8,999,'ASIGNADO','MARIA DE LOS ANGELES TREVIÑO','desarrollo@kabzo.org'),
(279,'tufoto.jpg','anose','HP 15 dx3xxx','HP','SSD','I8','512GB','8','mala',123,1,1,8,999,'ASIGNADO','MARIA DE LOS ANGELES TREVIÑO','desarrollo@kabzo.org'),
(280,'tufoto.jpg','anose','HP 15 dx3xxx','HP','SSD','I9','512GB','8','mala',123,1,1,8,999,'ASIGNADO','MARIA DE LOS ANGELES TREVIÑO','desarrollo@kabzo.org'),
(281,'tufoto.jpg','anose','HP 15 dx3xxx','HP','SSD','I10','512GB','8','mala',123,1,1,8,999,'ASIGNADO','MARIA DE LOS ANGELES TREVIÑO','desarrollo@kabzo.org'),
(282,'tufoto.jpg','anose','HP 15 dx3xxx','HP','SSD','I11','512GB','8','mala',123,1,1,8,999,'ASIGNADO','MARIA DE LOS ANGELES TREVIÑO','desarrollo@kabzo.org'),
(283,'tufoto.jpg','anose','HP 15 dx3xxx','HP','SSD','I12','512GB','8','mala',123,1,1,8,999,'ASIGNADO','MARIA DE LOS ANGELES TREVIÑO','desarrollo@kabzo.org'),
(284,'tufoto.jpg','anose','HP 15 dx3xxx','HP','SSD','I13','512GB','8','mala',123,1,1,8,999,'ASIGNADO','MARIA DE LOS ANGELES TREVIÑO','desarrollo@kabzo.org'),
(285,'tufoto.jpg','anose','HP 15 dx3xxx','HP','SSD','I14','512GB','8','mala',123,1,1,8,999,'ASIGNADO','MARIA DE LOS ANGELES TREVIÑO','desarrollo@kabzo.org'),
(286,'tufoto.jpg','anose','HP 15 dx3xxx','HP','SSD','I15','512GB','8','mala',123,1,1,8,999,'ASIGNADO','MARIA DE LOS ANGELES TREVIÑO','desarrollo@kabzo.org'),
(287,'tufoto.jpg','anose','HP 15 dx3xxx','HP','SSD','I16','512GB','8','mala',123,1,1,8,999,'ASIGNADO','MARIA DE LOS ANGELES TREVIÑO','desarrollo@kabzo.org'),
(288,'tufoto.jpg','anose','HP 15 dx3xxx','HP','SSD','I17','512GB','8','mala',123,1,1,8,999,'ASIGNADO','MARIA DE LOS ANGELES TREVIÑO','desarrollo@kabzo.org'),
(289,'tufoto.jpg','anose','HP 15 dx3xxx','HP','SSD','I18','512GB','8','mala',123,1,1,8,999,'ASIGNADO','MARIA DE LOS ANGELES TREVIÑO','desarrollo@kabzo.org'),
(290,'tufoto.jpg','anose','HP 15 dx3xxx','HP','SSD','I19','512GB','8','mala',123,1,1,8,999,'ASIGNADO','MARIA DE LOS ANGELES TREVIÑO','desarrollo@kabzo.org'),
(291,'tufoto.jpg','anose','HP 15 dx3xxx','HP','SSD','I20','512GB','8','mala',123,1,1,8,999,'ASIGNADO','MARIA DE LOS ANGELES TREVIÑO','desarrollo@kabzo.org'),
(292,'tufoto.jpg','anose','HP 15 dx3xxx','HP','SSD','I21','512GB','8','mala',123,1,1,8,999,'ASIGNADO','MARIA DE LOS ANGELES TREVIÑO','desarrollo@kabzo.org'),
(293,'tufoto.jpg','anose','HP 15 dx3xxx','HP','SSD','I22','512GB','8','mala',123,1,1,8,999,'ASIGNADO','MARIA DE LOS ANGELES TREVIÑO','desarrollo@kabzo.org'),
(294,'tufoto.jpg','anose','HP 15 dx3xxx','HP','SSD','I23','512GB','8','mala',123,1,1,8,999,'ASIGNADO','MARIA DE LOS ANGELES TREVIÑO','desarrollo@kabzo.org'),
(295,'tufoto.jpg','anose','HP 15 dx3xxx','HP','SSD','I24','512GB','8','mala',123,1,1,8,999,'ASIGNADO','MARIA DE LOS ANGELES TREVIÑO','desarrollo@kabzo.org'),
(296,'tufoto.jpg','anose','HP 15 dx3xxx','HP','SSD','I25','512GB','8','mala',123,1,1,8,999,'ASIGNADO','MARIA DE LOS ANGELES TREVIÑO','desarrollo@kabzo.org'),
(460,'','','HP 15 dx3xxx','HP ana','SSD','I7','','8','',0,1,1,6,0,'ASIGNADO','MARIA DE LOS ANGELES TREVIÑO',''),
(461,'','','HP PROBOOK 650 G1','HP','SSD','I5','','8','',0,1,1,6,0,'VACANTE','VACANTE',''),
(462,'','','ASUSX515J','ASUS','SSD','I5','','8','',0,1,1,6,0,'ASIGNADO','EVA MARIA SUAREZ BARRON',''),
(463,'','','DELL 5580','DELL','SSD','I5','','8','',0,1,1,6,0,'ASIGNADO','ALICIA JIMENEZ',''),
(464,'','','DELL 5580','DELL','SSD','I5','','8','',0,1,1,6,0,'VACANTE','VACANTE',''),
(465,'','','CUSTOM','CUSTOM','SSD','R7','','16','SIN PROBLEMAS',0,1,1,6,0,'ASIGNADO','ALEIDYS REYES',''),
(466,'','','CUSTOM','CUSTOM','SSD','R7','','16','SIN PROBLEMAS',0,1,1,6,0,'VACANTE','VACANTE',''),
(467,'','','DELL LATITUDE','DELL','SSD','I5','','8','UN POCO LENTA',0,1,1,6,0,'ASIGNADO','NANCY ALEJANDRA JASSO MARTINEZ',''),
(468,'','','HP AIO 24-F0XX','HP','HD','I3','','6','TARDA AL ENCENDER',0,1,1,6,0,'ASIGNADO','ALAN ALFREDO SANCHEZ LOPEZ',''),
(469,'','','HP COMPAQ 8200','HP','SSD','I5','','8','SIN NINGUN PROBLEMA',0,1,1,6,0,'ASIGNADO','EVELYN TAMEZ GARZA',''),
(470,'','','24-G200LA','HP','SSD','A6','','8','UN POCO LENTA',0,1,1,6,0,'ASIGNADO','BRENDA SALDIVAR SILVA',''),
(471,'','','DELL 9010','DELL','SSD','I5','','8','',0,1,1,6,0,'ASIGNADO','YADIRA CARDENAS CASTRO',''),
(472,'','','OPTIPLEX 3020','DELL','HD','I5','','8','',0,1,1,6,0,'ASIGNADO','ERNESTO BARBOSA JASSO',''),
(473,'','','DELL 3020','DELL','SSD','I5','','8','',0,1,1,6,0,'ASIGNADO','JESUS ALBERTO LEON DURAN',''),
(474,'','','HP AIO 24-F1XX','HP','SSD','R3','','6','',0,1,1,6,0,'ASIGNADO','LAURA FERNANDA DIAZ MARTINEZ',''),
(475,'','','MAC','APPLE','SSD','A8','','16','',0,1,1,6,0,'ASIGNADO','ARMANDO RODRIGUEZ',''),
(476,'','','MAC','APPLE','','','','','',0,1,1,6,0,'ASIGNADO','ELIZABETH TAMEZ',''),
(477,'','','MAC','APPLE','','','','','',0,1,1,6,0,'ASIGNADO','JOEL TAMEZ',''),
(478,'','','HP OMEN','HP','SSD','I5','','8','FALLA HDMI EN LA LAP',0,1,1,6,0,'ASIGNADO','KEVIN MORENO',''),
(479,'','','DELL 9020','DELL','SSD','I5','','8','',0,1,1,6,0,'ASIGNADO','ALAN HERNANDEZ RUIZ',''),
(480,'','','HP 24-F0XX','HP','SSD','A9','','8','ALGO LENTA Y SE TRABA',0,1,1,6,0,'VACANTE','VACANTE',''),
(481,'','','HP COMPAQ 8200','HP','HD','I5','','8','FUNCIONA BIEN SIN NINGUN PROBLEMA',0,1,1,6,0,'ASIGNADO','RUY ERICK LUCIO GUERRERO',''),
(482,'','','HP 24-F0XX','HP','SSD','A9','','8','ALGO LENTA Y SE TRABA',0,1,1,6,0,'ASIGNADO','RICARDO RODRIGUEZ FERNANDEZ',''),
(483,'','','HP 23 -Q153LA','HP','SSD','A8','','8','FUNCIONA BIEN SIN NINGUN PROBLEMA',0,1,1,6,0,'ASIGNADO','JOSE PEDRO SALDAÑA MARTINEZ',''),
(484,'','','LENOVO THINKPAD','LENOVO','SSD','I3','','8','FUNCIONA BIEN SIN NINGUN PROBLEMA',0,1,1,6,0,'ASIGNADO','PERLA JANETH ESPINOZA GONZALEZ',''),
(485,'','','HP 24-F0XX','HP','SSD-HDD','A9','','8','FUNCIONA BIEN SIN NINGUN PROBLEMA',0,1,1,6,0,'ASIGNADO','ISAIRA MORANTES MONTERO',''),
(486,'','','ASPIRE Z3-615','HP','SSD','P','','8','FUNCIONA BIEN SIN NINGUN PROBLEMA',0,1,1,6,0,'ASIGNADO','FELIX AARON NAJERA LOZA',''),
(487,'','','HP 24-F1XX','HP','SSD','R3','','6','FUNCIONA BIEN SIN NINGUN PROBLEMA',0,1,1,6,0,'ASIGNADO','JAVIER DE JESUS LLADO PAZ',''),
(488,'','','HP 23 -P101LA','HP','SSD','A6','','8','FUNCIONA BIEN SIN NINGUN PROBLEMA',0,1,1,6,0,'ASIGNADO','JULIO CESAR RANGEL LOZA',''),
(489,'','','HP 24 F101LA','HP','SSD','R3','','6','FUNCIONA BIEN SIN NINGUN PROBLEMA',0,1,1,6,0,'ASIGNADO','LUIS JAVIER ALANIS ESCAMILLA',''),
(490,'','','ACER Z3*615','ACER','SSD','P','','8','FUNCIONA BIEN SIN NINGUN PROBLEMA',0,1,1,6,0,'ASIGNADO','ARLETTE SILVA SALAZAR',''),
(491,'','','HP 24 G200LA','HP','SSD','A6','','8','FUNCIONA BIEN SIN NINGUN PROBLEMA',0,1,1,6,0,'ASIGNADO','ALEJANDRA GUADALUPE GARZA GARCIA',''),
(492,'','','HP COMPAQ 8200','HP','HD','I5','','8','FUNCIONA BIEN SIN NINGUN PROBLEMA',0,1,1,6,0,'ASIGNADO','VICTOR ALEJANDRO RUIZ GUTIERREZ',''),
(493,'','','HP 23R036LA','HP','SSD','A6','','8','FUNCIONA BIEN SIN NINGUN PROBLEMA',0,1,1,6,0,'ASIGNADO','JORGE ADRIAN CASTILLO TORRES',''),
(494,'','','HP AIO 24-F1XX','HP','SSD','R3','','6','',0,1,1,6,0,'ASIGNADO','CECILIA GONZALEZ TORRES',''),
(495,'','','ACER Z3-710','ACER','SSD','P','','8','UN POCO LENTA',0,1,1,6,0,'ASIGNADO','AURORA ANDRADE',''),
(496,'','','HP 23-P104LA','HP','SSD','A6','','8','TODO BIEN SIN PROBLEMA',0,1,1,6,0,'ASIGNADO','ALEXIS TORRES',''),
(497,'','','HP 23 R036LA','HP','SSD','A6','','8','TODO BIEN SIN PROBLEMA',0,1,1,6,0,'VACANTE','VACANTE',''),
(498,'','','LENOVO FOEM002JLD','LENOVO','HD','R3','','8','TODO BIEN SIN PROBLEMA',0,1,1,6,0,'ASIGNADO','JESSICA LAU',''),
(499,'','','H 24-B007LA','HP','HD','A9','','8','AVECES UN POCO LENTA',0,1,1,6,0,'ASIGNADO','JESUS GARCIA',''),
(500,'','','ACER Z3-615','ACER','SSD','P','','8','TODO BIEN SIN PROBLEMA',0,1,1,6,0,'ASIGNADO','TERESA MONTIEL',''),
(501,'','','ACER Z3-710','ACER','SSD','P','','8','BUEN FUNCIONAMIENTO',0,1,1,6,0,'ASIGNADO','ALONDRA SARAY MARTINEZ SIERRA',''),
(502,'','','ACER Z3-615','ACER','SSD','P','','8','anteriormente me dejaba manipular los formatos excel desde el cuerpo del correo, de pronto ya no lo permitio y necesito abrir una hoja aparte, si esto se pudiera corregir se los agradeceria',0,1,1,6,0,'ASIGNADO','DIEGO EDUARDO ELICERIO VARGAS',''),
(503,'','','ASPIRE Z3 710','ACER','SSD','P','','8','En Buen funcionamiento',0,1,1,6,0,'ASIGNADO','JULIO ALBERTOMATA VAZQUEZ',''),
(504,'','','ACER Z3-615','ACER','SSD','P','','8','buen funcionamiento, Solo almacenamiento de correo facturacion1 esta lleno',0,1,1,6,0,'ASIGNADO','JULIAN ACOSTA',''),
(505,'','','ACER Z3-615','ACER','SSD','P','','8','Buen funcionamiento',0,1,1,6,0,'ASIGNADO','SAMANTHA REYNA FLORES',''),
(506,'','','HP AIO 24-F0XX','HP','SSD','A9','','8','se alenta al momento de abrir varias pestañas',0,1,1,6,0,'ASIGNADO','ANDREA NICOLE CANTU OROZCO',''),
(507,'','','23-F290LA','HP','SSD','I3','','8','es muy antiguo el modelo y tiene fallas con el almacenamiento y se pone lenta y cuando se reinicia se tarda mucho.',0,1,1,6,0,'ASIGNADO','BRANDON ALANIS ESCAMILLA',''),
(508,'','','24-G200LA','HP','SSD','A6','','8','El unico motivo es que se tarda 2 min en prender la pantalla cuando recien se prende la computadora',0,1,1,6,0,'ASIGNADO','AARON GARCIA VALDEZ',''),
(509,'','','HP AIO 24-F0XX','HP','SSD','A9','','8','se alenta- se traba a veces al abrir muchas pestañas(excel, pdf, notas, correo, etc)',0,1,1,6,0,'ASIGNADO','BRENDA FABIOLA GANDARA GONZALEZ',''),
(510,'','','ASPIRE Z3 710','ACER','SSD','P','','8','UN POCO LENTA, TECLADO DURO Y ES DICIL TECLEAR',0,1,1,6,0,'ASIGNADO','DANIEL MARROQUIN MARROQUIN',''),
(511,'','','DELL INSPIRON ONE 2330','DELL','SSD','I3','','8','UN POCO LENTA CUANDO SE SATURA DE CORREOS Y SE TARDA EN PRENDER',0,1,1,6,0,'ASIGNADO','DEBANHI DEL CARMEN TREVIÑO GOMEZ',''),
(512,'','','24-G206LA','HP','SSD','A8','','8','BUEN FUNCIONAMIENTO, SOLO EN OCASIONES NO ME DEJA ABRIR LA CARPETA DONDE TENGO MIS ARCHIVOS Y TENGO QUE REINICIAR LA PC',0,1,1,6,0,'ASIGNADO','ESTEFANIA GAYTAN CONTRERAS',''),
(513,'','','HP 24-F1XX','HP','SSD','R3','','8','LA COMPUTADORA TIENE BUEN FUNCIONAMIENTO',0,1,1,6,0,'ASIGNADO','FRANCISCO EDUARDO GAYTAN CONTRERAS',''),
(514,'','','ACER Z3-710','ACER','SSD','P','','8','MUY BUEN FUNCIONAMIENTO',0,1,1,6,0,'ASIGNADO','ERNESTO RODRIGUEZ',''),
(515,'','','DELL 3020','DELL','SSD','I5','','8','',0,1,1,6,0,'ASIGNADO','JAVIER IRAM TAMEZ',''),
(516,'','','HP 23R036LA','HP','SSD','A6','','8','Buen funcionamiento',0,1,1,6,0,'ASIGNADO','ERNESTO ABRAHAM PEREZ MORALES',''),
(517,'','','DELL OPTIPLEX 9010 AIO','DELL','HD','I5','','8','Se tarda mucho al encender, se alenta al abrir pestañas y se traba cuandose satura de correos.',0,1,1,6,0,'ASIGNADO','ALAN ANDRES MARTINEZ RIVERA',''),
(518,'','','HP 24-f0xx','HP','SSD','A9','','8','en buen funcionamiento',0,1,1,6,0,'ASIGNADO','JORGE ALEJANDRO ALMAGUER GÁNDARA',''),
(519,'','','HP 24-G200LA','HP','SSD','A6','','8','',0,1,1,6,0,'ASIGNADO','WENDY YARESSY VALDEZ VALDEZ',''),
(520,'','','HP 24-F1XX','HP','SSD','R3','','8','',0,1,1,6,0,'ASIGNADO','EDGAR RODRIGUEZ SILVA',''),
(521,'','','HP 24-G200LA','HP','','','','','',0,1,1,6,0,'ASIGNADO','GONZALO GONZALEZ ALONSO',''),
(522,'','','LENOVO 1577J6S','LENOVO','SSD','I5','','8','',0,1,1,6,0,'VACANTE','VACANTE',''),
(523,'','','DELL 9020','DELL','SSD','I7','','8','',0,1,1,6,0,'ASIGNADO','ALBA MARROQUIN',''),
(524,'','','DELL 3020','DELL','SSD','I5','','8','',0,1,1,6,0,'ASIGNADO','CINTHIA GABRIELA OVIEDO ESPINOZA',''),
(525,'','','ACER Z3-710','ACER','SSD','P','','8','',0,1,1,6,0,'ASIGNADO','ISAMAR GUTIERREZ BALDERAS',''),
(526,'','','HP ALL IN ONE 24-F0XX','HP','SSD','A9','','8','UN POCO LENTA, A VECES SE TRABA Y ME CIERRA VENTANAS Y LA LAP TOP IGUAL',0,1,1,6,0,'ASIGNADO','JORDAN ALMAGUER',''),
(527,'','','HP AIO 24-F0XX','HP','SSD','A9','','8','UN POCO LENTA Y A VECES SE TRABA UN POCO',0,1,1,6,0,'ASIGNADO','ALONDRA MARIBEL VARGAS TENEYUQUE',''),
(528,'','','DELL 9010','DELL','SSD','I5','','8','',0,1,1,6,0,'ASIGNADO','LESLY MICHELLE SALINAS IBARRA',''),
(529,'','','DELL LATITUDE','DELL','SSD','I5','','8','SIN PROBLEMA',0,1,1,6,0,'ASIGNADO','CARLOS CAVAZOS',''),
(530,'','','DELL 3020','DELL','HD','I5','','8','SIN PROBLEMA',0,1,1,6,0,'ASIGNADO','EMILIO GUADALUPE TORRES SALINAS',''),
(531,'','','HP R036LA','HP','SSD','A6','','8','BUEN ESTADO',0,1,1,6,0,'ASIGNADO','LUIS SOLIS',''),
(532,'','','DELL WORKSTATION 77500','DELL','SSD','XEON','','16','',0,1,1,6,0,'VACANTE','VACANTE',''),
(533,'','','HP G200LA','HP','SSD','A6','','8','',0,1,1,6,0,'ASIGNADO','OZIEL DELGADO',''),
(534,'','','HP ALL IN ONE 24-XA1XXX','HP','SSD','R5','','8','',0,1,1,6,0,'ASIGNADO','XAVIER ALANIS',''),
(535,'','','HP G200LA','HP','SSD','A6','','8','',0,1,1,6,0,'ASIGNADO','CAROL NICOLE',''),
(536,'','','HP ProDesk 600g4','HP','SSD','i5','','8','NUEVA',0,1,1,6,0,'ASIGNADO','EDWIN JASSIEL GARZA MARTINEZ',''),
(537,'','','HP ProDesk 600g4','HP','SSD','i5','','8','NUEVA',0,1,1,6,0,'ASIGNADO','IRVIN ABIEL RUEDA CARRIZALES',''),
(538,'','','HP ProDesk 600g4','HP','SSD','i5','','8','NUEVA',0,1,1,6,0,'ASIGNADO','MIGUEL FERNANDO REYNA ROCHA',''),
(539,'','','HP ProDesk 600g4','HP','SSD','i5','','8','NUEVA',0,1,1,6,0,'ASIGNADO','OMAR SOTERO FERNANDEZ SIERRA',''),
(540,'','','HP ProDesk 600g4','HP','SSD','i5','','8','NUEVA',0,1,1,6,0,'ASIGNADO','MANUEL ANTONIO MORENO RANGEL',''),
(541,'','','HP ProDesk 600g4','HP','SSD','I5','','8','NUEVA',0,1,1,6,0,'ASIGNADO','ASTRID DANAE MARTINEZ GONZALEZ',''),
(542,'','','HP ProDesk 600g4','HP','SSD','i5','','8','NUEVA',0,1,1,6,0,'ASIGNADO','SARA MARIA GONZALEZ BRIAGAS',''),
(543,'','','HP ProDesk 600g4','HP','SSD','i5','','8','NUEVA',0,1,1,6,0,'ASIGNADO','JORGE ELIUD PEREZ LEIJA',''),
(544,'','','HP ProDesk 600g4','HP','SSD','i5','','8','NUEVA',0,1,1,6,0,'ASIGNADO','JOSE ANDRES NIETO JUAREZ',''),
(545,'','','HP ProDesk 600g4','HP','SSD','i5','','8','NUEVA',0,1,1,6,0,'ASIGNADO','RUBEN ENRIQUE RODRIGUEZ GONZALEZ',''),
(546,'','','HP ProDesk 600g4','HP','SSD','i5','','8','NUEVA',0,1,1,6,0,'ASIGNADO','ALONDRA MATA FLORES',''),
(547,'','','HP ProDesk 600g4','HP','SSD','i5','','8','NUEVA',0,1,1,6,0,'ASIGNADO','YESSICA CAVAZOS',''),
(548,'','','HP ProDesk 600g4','HP','SSD','i5','','8','NUEVA',0,1,1,6,0,'ASIGNADO','RICARDO RAMIREZ SEGOVIA',''),
(549,'','','HP ProDesk 600g4','HP','SSD','i5','','8','NUEVA',0,1,1,6,0,'ASIGNADO','GREYZ HAIDEE RODRIGUEZ COBARRUBIAS',''),
(550,'','','HP ProDesk 600g4','HP','SSD','i5','','8','NUEVA',0,1,1,6,0,'ASIGNADO','ULISES FELIX FLORES CASTILLO',''),
(551,'','','HP ProDesk 600g4','HP','SSD','i5','','8','NUEVA',0,1,1,6,0,'ASIGNADO','VLADIMIR RANGEL RODRIGUEZ',''),
(552,'','','HP ProDesk 600g4','HP','SSD','i5','','8','NUEVA',0,1,1,6,0,'ASIGNADO','FERNANDO SALDAÑA DE LA ROSA',''),
(553,'','','HP ProDesk 600g4','HP','SSD','I5','','8','NUEVA',0,1,1,6,0,'ASIGNADO','EMMA ESTEFANIA OZUNA CHAIRES',''),
(554,'','','HP ProDesk 600g4','HP','SSD','i5','','8','NUEVA',0,1,1,6,0,'VACANTE','VACANTE',''),
(555,'','','HP ProDesk 600g4','HP','SSD','i5','','8','NUEVA',0,1,1,6,0,'ASIGNADO','JUAN EDGAR LARA GARZA',''),
(556,'','','HP ProDesk 600g4','HP','SSD','i5','','8','NUEVA',0,1,1,6,0,'ASIGNADO','MARIANA MAYELA GARCÍA GONZALEZ',''),
(557,'','','HP ProDesk 600g4','HP','SSD','i5','','8','NUEVA',0,1,1,6,0,'ASIGNADO','MARLENE LUGO VIDALES',''),
(558,'','','HP ProDesk 600g4','HP','SSD','i5','','8','NUEVA',0,1,1,6,0,'ASIGNADO','MELISA ALEJANDRA RANGEL BUSTOS',''),
(559,'','','HP ProDesk 600g4','HP','SSD','i5','','8','NUEVA',0,1,1,6,0,'ASIGNADO','ANGELES SARAIN RIVAS ELIAS',''),
(560,'','','HP ProDesk 600g4','HP','SSD','i5','','8','NUEVA',0,1,1,6,0,'VACANTE','VACANTE',''),
(561,'','','HP ProDesk 600g4','HP','SSD','i5','','8','NUEVA',0,1,1,6,0,'VACANTE','VACANTE',''),
(562,'','','HP ProDesk 600g4','HP','SSD','i5','','8','NUEVA',0,1,1,6,0,'ASIGNADO','MIGUEL ALEJANDRO CASTRO ESTRADA',''),
(563,'','','MICRO CPU LENOVO','LENOVO','SSD','I5','','8','NUEVA',0,1,1,6,0,'ASIGNADO','MIGUEL ANGEL LOZANO QUINTANILLA',''),
(564,'','','HP ProDesk 600g4','HP','SSD','i5','','8','NUEVA',0,1,1,6,0,'ASIGNADO','MIRIAM REBECA VILLARREAL LUNA',''),
(565,'','','HP 800 G3 Elitedesk','HP','SSD','I5','','16','NUEVA',0,1,1,6,0,'ASIGNADO','REYNALDO SANTOS MORENO',''),
(566,'','','DELL DESKTOP-R16J7SD','DELL','HD','i5','','8','',0,1,1,6,0,'VACANTE','VACANTE',''),
(567,'','','HP 800 G3 Elitedesk','HP','SSD','I5','','16','NUEVA',0,1,1,6,0,'ASIGNADO','MARTIN OVIDIO TAMEZ TAMEZ',''),
(568,'','','DELL 3020','DELL','HD','I5','','8','SIN PROBLEMAS',0,1,1,6,0,'ASIGNADO','JORGE TAMEZ',''),
(569,'','','DELL 3020','DELL','SSD','I5','','8','SIN PROBLEMAS',0,1,1,6,0,'ASIGNADO','JUAN BAUTISTA',''),
(570,'','','DELL 3020','DELL','SSD','I5','','8','',0,1,1,6,0,'ASIGNADO','MONICA ANAHI AGUILAR GONZALEZ',''),
(571,'','','MACBOOP PRO 13-2019','APPLE','SSD','I5','','8','',0,1,1,6,0,'ASIGNADO','ANGEL PULIDO BARRON',''),
(572,'','','OPTIPLEX 3020','DELL','SSD','I5','','8','',0,1,1,6,0,'ASIGNADO','NATALY REYNA',''),
(573,'','','HP 23154la','HP','SSD','A8','','8','',0,1,1,6,0,'ASIGNADO','EMELY  CARMONA VALDEZ',''),
(574,'','','OPTIPLEX 3020','DELL','SSD','I5','','8','',0,1,1,6,0,'ASIGNADO','NAYELI LUNA',''),
(575,'','','HP ALL IN ONE 24-XA1XXX','HP','SSD','R5','','8','UN POCO LENTA AL ABRIR PAGINAS',0,1,1,6,0,'ASIGNADO','RUBEN LIMON',''),
(576,'','','OPTIPLEX 3020','DELL','SSD','I5','','8','',0,1,1,6,0,'ASIGNADO','FRIDA PIÑA',''),
(577,'','','DELL 9020','DELL','SSD','I7','','8','',0,1,1,6,0,'ASIGNADO','VALERIA VARGAS',''),
(578,'','','acer aspire z3615','ACER','SSD','P','','8','',0,1,1,6,0,'ASIGNADO','FATIMA',''),
(579,'','','MAC','APPLE','','','','','',0,1,1,6,0,'ASIGNADO','ALEJANDRA ROJAS',''),
(580,'','','MAC','APPLE','','','','','',0,1,1,6,0,'ASIGNADO','ALEJANDRO CERVANTES BRAVO',''),
(581,'','','DELL 3020','DELL','SSD','I5','','8','',0,1,1,6,0,'ASIGNADO','DANIELA ORTIZ',''),
(582,'','','MAC','APPLE','','','','','',0,1,1,6,0,'ASIGNADO','GRECIA MODESTO',''),
(583,'','','HP ProDesk 600g4','HP','','I5','','8','',0,1,1,6,0,'ASIGNADO','SOFÍA GONZÁLEZ VALDEZ',''),
(584,'','','dell e5540','DELL','SSD-SSD','I5','','16','',0,1,1,6,0,'ASIGNADO','SARAI BELLO ALBARRÁN',''),
(585,'','','DELL 9030','DELL','SSD','I5','','8','',0,1,1,6,0,'VACANTE','VACANTE',''),
(586,'','','DELL 3020','DELL','SSD','I5','','8','',0,1,1,6,0,'ASIGNADO','ALAN SAUCEDO',''),
(587,'','','HP ProDesk 400g4','HP','SSD','I5','','8','',0,1,1,6,0,'ASIGNADO','MARIANA ESCOBEDO GARCIA',''),
(588,'','','OPTIPLEX 3020','DELL','SSD','I5','','8','SIN NINGUN PROBLEMA',0,1,1,6,0,'ASIGNADO','CLAUDIA GABRIELA LEAL GONZALEZ',''),
(589,'','','HP 24-F0XX','HP','SSD','A9','','8','NO SE ESTA UTILIZANDO POR AHORA YA QUE TENEMOS UNA VACANTE ABIERTA PARA ESTA COMPUTADORA',0,1,1,6,0,'ASIGNADO','VALERIA CORONADO ORTEGA',''),
(590,'','','DEL OPTIPLEX 9030AIO','DELL','SSD','I7','','8','SIN NINGUN PROBLEMA',0,1,1,6,0,'ASIGNADO','MIKEL GARZA',''),
(591,'','','HP 21','HP','SSD','','','8','BUEN ESTADO',0,1,1,6,0,'ASIGNADO','SERGIO HERNANDEZ',''),
(592,'','','DELL 3020','DELL','SSD','I5','','8','',0,1,1,6,0,'ASIGNADO','JESUS ALFONSO',''),
(593,'','','DELL 9020','DELL','SSD','I5','','8','',0,1,1,6,0,'ASIGNADO','OMAR VILLALOBOS',''),
(594,'','','ACER Z3-710','ACER','SSD','P','','8','TODO BIEN',0,1,1,6,0,'ASIGNADO','ARNOLD VAZQUEZ',''),
(595,'','','DELL 9010','DELL','SSD','I7','','8','TODO BIEN',0,1,1,6,0,'ASIGNADO','CARLOS ALMAGUER',''),
(596,'','','del inspiron 5502','DELL','SSD','I7','','16','TODO BIEN',0,1,1,6,0,'ASIGNADO','CARMEN GABRIELA',''),
(597,'','','HP 24-F0XX','HP','SSD','A9','','8','PIDE ACTUALIZARSE TODOS LOS DIAS Y DE REPENTE SE PONE LENTA',0,1,1,6,0,'ASIGNADO','CYNTHIA ALANIS',''),
(598,'','','dell vostro 3500','DELL','SSD','I5','','16','FUNCIONA CORRECTAMENTE',0,1,1,6,0,'VACANTE','VACANTE',''),
(599,'','','HP 24-F0XX','HP','SSD','A9','','8','DE REPENTE SE PONE LENTA',0,1,1,6,0,'ASIGNADO','MARIA DOLORES',''),
(600,'','','HP 24-F1XX','HP','HD','R3','','6','A VECES SE PONE LENTA Y NO RESPONDE',0,1,1,6,0,'ASIGNADO','LIZETH AYALA',''),
(601,'','','HP 24-F0XX','HP','HD','I3','','8','A VECES SE PONE LENTA Y NO RESPONDE',0,1,1,6,0,'ASIGNADO','SERGIO SALAS',''),
(602,'','','HP 24-F0XX','HP','SSD','A9','','8','',0,1,1,6,0,'ASIGNADO','DANIEL PEÑA',''),
(603,'','','HP 24-F0XX','HP','SSD','A9','','8','DE REPENTE SE PONE LENTA',0,1,1,6,0,'ASIGNADO','YOWALY VAZQUEZ',''),
(604,'','','HP ProDesk 600g4','HP','SSD','i5','','8','NUEVA',0,1,1,6,0,'ASIGNADO','AZAEL RANGEL',''),
(605,'','','HP ProDesk 600g4','HP','SSD','i5','','8','NUEVA',0,1,1,6,0,'ASIGNADO','JULIAN LOZANO',''),
(606,'','','HP ProDesk 600g4','HP','SSD','i5','','8','NUEVA',0,1,1,6,0,'ASIGNADO','BRENDA LIMAS',''),
(607,'','','DELL OPTIPLEX 9020 AIO','DELL','SSD','I5','','6','',0,1,1,6,0,'ASIGNADO','DAMARIS TORRES',''),
(608,'','','DELL OPTIPLEX 9020 AIO','DELL','SSD','I5','','8','',0,1,1,6,0,'ASIGNADO','THALIA MEDINA',''),
(609,'','','HP 24-G200LA','HP','SSD','I5','','8','',0,1,1,6,0,'ASIGNADO','DANIELA GONZALEZ',''),
(610,'','','ACER ASPIRE Z3-710','ACER','SSD','P','','8','SIN PROBLEMAS',0,1,1,6,0,'ASIGNADO','LUIS PEÑA',''),
(611,'','','HP ProDesk 600g4','HP','SSD','i5','','8','NUEVA',0,1,1,6,0,'ASIGNADO','ALAN SERNA',''),
(612,'','','DELL OPTIPLEX 9030 AIO','DELL','SSD','I5','','8','SIN PROBLEMAS',0,1,1,6,0,'ASIGNADO','CARLOS REYES',''),
(613,'','','HP ProDesk 600g4','HP','SSD','i5','','8','NUEVA',0,1,1,6,0,'ASIGNADO','ANDREA FLORES',''),
(614,'','','HP 24-F0XX','HP','SSD','A9','','8','SIN PROBLEMAS',0,1,1,6,0,'VACANTE','VACANTE',''),
(615,'','','DELL 3020','DELL','SSD','I5','','8','TODO BIEN EN LA PC',0,1,1,6,0,'ASIGNADO','KEVIN MORENO',''),
(616,'','','HP 24-G200LA','HP','SSD','A6','','8','',0,1,1,6,0,'ASIGNADO','NANCY ALEJANDRA JASSO MARTINEZ',''),
(617,'','','dell 9020','DELL','HD','I7','','8','SIN PROBLEMA',0,1,1,6,0,'ASIGNADO','CARLOS CAVAZOS',''),
(618,'','','DELL','DELL','SSD','I5','','8','',0,1,1,6,0,'ASIGNADO','XAVIER ALANIS',''),
(619,'','','DELL','DELL','SSD','I5','','8','',0,1,1,6,0,'ASIGNADO','AZAEL RANGEL',''),
(620,'','','DELL LATITUDE 5590','DELL','SSD','i5','','16','',0,1,1,6,0,'ASIGNADO','MIKEL GARZA',''),
(621,'../../assets/images/metaverso-facebook-2512035.webp',NULL,'no se','hp','ssd','core i6','512gb','16','buena',12345,1,1,11,22999,'no','grecia','grecia@kabzo.org\r\n\r\n'),
(623,'','','HP 15 dx3xxx','HP ana','SSD','I7','','8','',0,1,1,6,0,'ASIGNADO','MARIA DE LOS ANGELES TREVIÑO',''),
(624,'','','HP PROBOOK 650 G1','HP','SSD','I5','','8','',0,1,1,6,0,'VACANTE','VACANTE',''),
(625,'','','ASUSX515J','ASUS','SSD','I5','','8','',0,1,1,6,0,'ASIGNADO','EVA MARIA SUAREZ BARRON',''),
(626,'','','DELL 5580','DELL','SSD','I5','','8','',0,1,1,6,0,'ASIGNADO','ALICIA JIMENEZ',''),
(627,'','','DELL 5580','DELL','SSD','I5','','8','',0,1,1,6,0,'VACANTE','VACANTE',''),
(628,'','','CUSTOM','CUSTOM','SSD','R7','','16','SIN PROBLEMAS',0,1,1,6,0,'ASIGNADO','ALEIDYS REYES',''),
(629,'','','CUSTOM','CUSTOM','SSD','R7','','16','SIN PROBLEMAS',0,1,1,6,0,'VACANTE','VACANTE',''),
(630,'','','DELL LATITUDE','DELL','SSD','I5','','8','UN POCO LENTA',0,1,1,6,0,'ASIGNADO','NANCY ALEJANDRA JASSO MARTINEZ',''),
(631,'','','HP AIO 24-F0XX','HP','HD','I3','','6','TARDA AL ENCENDER',0,1,1,6,0,'ASIGNADO','ALAN ALFREDO SANCHEZ LOPEZ',''),
(632,'','','HP COMPAQ 8200','HP','SSD','I5','','8','SIN NINGUN PROBLEMA',0,1,1,6,0,'ASIGNADO','EVELYN TAMEZ GARZA',''),
(633,'','','24-G200LA','HP','SSD','A6','','8','UN POCO LENTA',0,1,1,6,0,'ASIGNADO','BRENDA SALDIVAR SILVA',''),
(634,'','','DELL 9010','DELL','SSD','I5','','8','',0,1,1,6,0,'ASIGNADO','YADIRA CARDENAS CASTRO',''),
(635,'','','OPTIPLEX 3020','DELL','HD','I5','','8','',0,1,1,6,0,'ASIGNADO','ERNESTO BARBOSA JASSO',''),
(636,'','','DELL 3020','DELL','SSD','I5','','8','',0,1,1,6,0,'ASIGNADO','JESUS ALBERTO LEON DURAN',''),
(637,'','','HP AIO 24-F1XX','HP','SSD','R3','','6','',0,1,1,6,0,'ASIGNADO','LAURA FERNANDA DIAZ MARTINEZ',''),
(638,'','','MAC','APPLE','SSD','A8','','16','',0,1,1,6,0,'ASIGNADO','ARMANDO RODRIGUEZ',''),
(639,'','','MAC','APPLE','','','','','',0,1,1,6,0,'ASIGNADO','ELIZABETH TAMEZ',''),
(640,'','','MAC','APPLE','','','','','',0,1,1,6,0,'ASIGNADO','JOEL TAMEZ',''),
(641,'','','HP OMEN','HP','SSD','I5','','8','FALLA HDMI EN LA LAP',0,1,1,6,0,'ASIGNADO','KEVIN MORENO',''),
(642,'','','DELL 9020','DELL','SSD','I5','','8','',0,1,1,6,0,'ASIGNADO','ALAN HERNANDEZ RUIZ',''),
(643,'','','HP 24-F0XX','HP','SSD','A9','','8','ALGO LENTA Y SE TRABA',0,1,1,6,0,'VACANTE','VACANTE',''),
(644,'','','HP COMPAQ 8200','HP','HD','I5','','8','FUNCIONA BIEN SIN NINGUN PROBLEMA',0,1,1,6,0,'ASIGNADO','RUY ERICK LUCIO GUERRERO',''),
(645,'','','HP 24-F0XX','HP','SSD','A9','','8','ALGO LENTA Y SE TRABA',0,1,1,6,0,'ASIGNADO','RICARDO RODRIGUEZ FERNANDEZ',''),
(646,'','','HP 23 -Q153LA','HP','SSD','A8','','8','FUNCIONA BIEN SIN NINGUN PROBLEMA',0,1,1,6,0,'ASIGNADO','JOSE PEDRO SALDAÑA MARTINEZ',''),
(647,'','','LENOVO THINKPAD','LENOVO','SSD','I3','','8','FUNCIONA BIEN SIN NINGUN PROBLEMA',0,1,1,6,0,'ASIGNADO','PERLA JANETH ESPINOZA GONZALEZ',''),
(648,'','','HP 24-F0XX','HP','SSD-HDD','A9','','8','FUNCIONA BIEN SIN NINGUN PROBLEMA',0,1,1,6,0,'ASIGNADO','ISAIRA MORANTES MONTERO',''),
(649,'','','ASPIRE Z3-615','HP','SSD','P','','8','FUNCIONA BIEN SIN NINGUN PROBLEMA',0,1,1,6,0,'ASIGNADO','FELIX AARON NAJERA LOZA',''),
(650,'','','HP 24-F1XX','HP','SSD','R3','','6','FUNCIONA BIEN SIN NINGUN PROBLEMA',0,1,1,6,0,'ASIGNADO','JAVIER DE JESUS LLADO PAZ',''),
(651,'','','HP 23 -P101LA','HP','SSD','A6','','8','FUNCIONA BIEN SIN NINGUN PROBLEMA',0,1,1,6,0,'ASIGNADO','JULIO CESAR RANGEL LOZA',''),
(652,'','','HP 24 F101LA','HP','SSD','R3','','6','FUNCIONA BIEN SIN NINGUN PROBLEMA',0,1,1,6,0,'ASIGNADO','LUIS JAVIER ALANIS ESCAMILLA',''),
(653,'','','ACER Z3*615','ACER','SSD','P','','8','FUNCIONA BIEN SIN NINGUN PROBLEMA',0,1,1,6,0,'ASIGNADO','ARLETTE SILVA SALAZAR',''),
(654,'','','HP 24 G200LA','HP','SSD','A6','','8','FUNCIONA BIEN SIN NINGUN PROBLEMA',0,1,1,6,0,'ASIGNADO','ALEJANDRA GUADALUPE GARZA GARCIA',''),
(655,'','','HP COMPAQ 8200','HP','HD','I5','','8','FUNCIONA BIEN SIN NINGUN PROBLEMA',0,1,1,6,0,'ASIGNADO','VICTOR ALEJANDRO RUIZ GUTIERREZ',''),
(656,'','','HP 23R036LA','HP','SSD','A6','','8','FUNCIONA BIEN SIN NINGUN PROBLEMA',0,1,1,6,0,'ASIGNADO','JORGE ADRIAN CASTILLO TORRES',''),
(657,'','','HP AIO 24-F1XX','HP','SSD','R3','','6','',0,1,1,6,0,'ASIGNADO','CECILIA GONZALEZ TORRES',''),
(658,'','','ACER Z3-710','ACER','SSD','P','','8','UN POCO LENTA',0,1,1,6,0,'ASIGNADO','AURORA ANDRADE',''),
(659,'','','HP 23-P104LA','HP','SSD','A6','','8','TODO BIEN SIN PROBLEMA',0,1,1,6,0,'ASIGNADO','ALEXIS TORRES',''),
(660,'','','HP 23 R036LA','HP','SSD','A6','','8','TODO BIEN SIN PROBLEMA',0,1,1,6,0,'VACANTE','VACANTE',''),
(661,'','','LENOVO FOEM002JLD','LENOVO','HD','R3','','8','TODO BIEN SIN PROBLEMA',0,1,1,6,0,'ASIGNADO','JESSICA LAU',''),
(662,'','','H 24-B007LA','HP','HD','A9','','8','AVECES UN POCO LENTA',0,1,1,6,0,'ASIGNADO','JESUS GARCIA',''),
(663,'','','ACER Z3-615','ACER','SSD','P','','8','TODO BIEN SIN PROBLEMA',0,1,1,6,0,'ASIGNADO','TERESA MONTIEL',''),
(664,'','','ACER Z3-710','ACER','SSD','P','','8','BUEN FUNCIONAMIENTO',0,1,1,6,0,'ASIGNADO','ALONDRA SARAY MARTINEZ SIERRA',''),
(665,'','','ACER Z3-615','ACER','SSD','P','','8','anteriormente me dejaba manipular los formatos excel desde el cuerpo del correo, de pronto ya no lo permitio y necesito abrir una hoja aparte, si esto se pudiera corregir se los agradeceria',0,1,1,6,0,'ASIGNADO','DIEGO EDUARDO ELICERIO VARGAS',''),
(666,'','','ASPIRE Z3 710','ACER','SSD','P','','8','En Buen funcionamiento',0,1,1,6,0,'ASIGNADO','JULIO ALBERTOMATA VAZQUEZ',''),
(667,'','','ACER Z3-615','ACER','SSD','P','','8','buen funcionamiento, Solo almacenamiento de correo facturacion1 esta lleno',0,1,1,6,0,'ASIGNADO','JULIAN ACOSTA',''),
(668,'','','ACER Z3-615','ACER','SSD','P','','8','Buen funcionamiento',0,1,1,6,0,'ASIGNADO','SAMANTHA REYNA FLORES',''),
(669,'','','HP AIO 24-F0XX','HP','SSD','A9','','8','se alenta al momento de abrir varias pestañas',0,1,1,6,0,'ASIGNADO','ANDREA NICOLE CANTU OROZCO',''),
(670,'','','23-F290LA','HP','SSD','I3','','8','es muy antiguo el modelo y tiene fallas con el almacenamiento y se pone lenta y cuando se reinicia se tarda mucho.',0,1,1,6,0,'ASIGNADO','BRANDON ALANIS ESCAMILLA',''),
(671,'','','24-G200LA','HP','SSD','A6','','8','El unico motivo es que se tarda 2 min en prender la pantalla cuando recien se prende la computadora',0,1,1,6,0,'ASIGNADO','AARON GARCIA VALDEZ',''),
(672,'','','HP AIO 24-F0XX','HP','SSD','A9','','8','se alenta- se traba a veces al abrir muchas pestañas(excel, pdf, notas, correo, etc)',0,1,1,6,0,'ASIGNADO','BRENDA FABIOLA GANDARA GONZALEZ',''),
(673,'','','ASPIRE Z3 710','ACER','SSD','P','','8','UN POCO LENTA, TECLADO DURO Y ES DICIL TECLEAR',0,1,1,6,0,'ASIGNADO','DANIEL MARROQUIN MARROQUIN',''),
(674,'','','DELL INSPIRON ONE 2330','DELL','SSD','I3','','8','UN POCO LENTA CUANDO SE SATURA DE CORREOS Y SE TARDA EN PRENDER',0,1,1,6,0,'ASIGNADO','DEBANHI DEL CARMEN TREVIÑO GOMEZ',''),
(675,'','','24-G206LA','HP','SSD','A8','','8','BUEN FUNCIONAMIENTO, SOLO EN OCASIONES NO ME DEJA ABRIR LA CARPETA DONDE TENGO MIS ARCHIVOS Y TENGO QUE REINICIAR LA PC',0,1,1,6,0,'ASIGNADO','ESTEFANIA GAYTAN CONTRERAS',''),
(676,'','','HP 24-F1XX','HP','SSD','R3','','8','LA COMPUTADORA TIENE BUEN FUNCIONAMIENTO',0,1,1,6,0,'ASIGNADO','FRANCISCO EDUARDO GAYTAN CONTRERAS',''),
(677,'','','ACER Z3-710','ACER','SSD','P','','8','MUY BUEN FUNCIONAMIENTO',0,1,1,6,0,'ASIGNADO','ERNESTO RODRIGUEZ',''),
(678,'','','DELL 3020','DELL','SSD','I5','','8','',0,1,1,6,0,'ASIGNADO','JAVIER IRAM TAMEZ',''),
(679,'','','HP 23R036LA','HP','SSD','A6','','8','Buen funcionamiento',0,1,1,6,0,'ASIGNADO','ERNESTO ABRAHAM PEREZ MORALES',''),
(680,'','','DELL OPTIPLEX 9010 AIO','DELL','HD','I5','','8','Se tarda mucho al encender, se alenta al abrir pestañas y se traba cuandose satura de correos.',0,1,1,6,0,'ASIGNADO','ALAN ANDRES MARTINEZ RIVERA',''),
(681,'','','HP 24-f0xx','HP','SSD','A9','','8','en buen funcionamiento',0,1,1,6,0,'ASIGNADO','JORGE ALEJANDRO ALMAGUER GÁNDARA',''),
(682,'','','HP 24-G200LA','HP','SSD','A6','','8','',0,1,1,6,0,'ASIGNADO','WENDY YARESSY VALDEZ VALDEZ',''),
(683,'','','HP 24-F1XX','HP','SSD','R3','','8','',0,1,1,6,0,'ASIGNADO','EDGAR RODRIGUEZ SILVA',''),
(684,'','','HP 24-G200LA','HP','','','','','',0,1,1,6,0,'ASIGNADO','GONZALO GONZALEZ ALONSO',''),
(685,'','','LENOVO 1577J6S','LENOVO','SSD','I5','','8','',0,1,1,6,0,'VACANTE','VACANTE',''),
(686,'','','DELL 9020','DELL','SSD','I7','','8','',0,1,1,6,0,'ASIGNADO','ALBA MARROQUIN',''),
(687,'','','DELL 3020','DELL','SSD','I5','','8','',0,1,1,6,0,'ASIGNADO','CINTHIA GABRIELA OVIEDO ESPINOZA',''),
(688,'','','ACER Z3-710','ACER','SSD','P','','8','',0,1,1,6,0,'ASIGNADO','ISAMAR GUTIERREZ BALDERAS',''),
(689,'','','HP ALL IN ONE 24-F0XX','HP','SSD','A9','','8','UN POCO LENTA, A VECES SE TRABA Y ME CIERRA VENTANAS Y LA LAP TOP IGUAL',0,1,1,6,0,'ASIGNADO','JORDAN ALMAGUER',''),
(690,'','','HP AIO 24-F0XX','HP','SSD','A9','','8','UN POCO LENTA Y A VECES SE TRABA UN POCO',0,1,1,6,0,'ASIGNADO','ALONDRA MARIBEL VARGAS TENEYUQUE',''),
(691,'','','DELL 9010','DELL','SSD','I5','','8','',0,1,1,6,0,'ASIGNADO','LESLY MICHELLE SALINAS IBARRA',''),
(692,'','','DELL LATITUDE','DELL','SSD','I5','','8','SIN PROBLEMA',0,1,1,6,0,'ASIGNADO','CARLOS CAVAZOS',''),
(693,'','','DELL 3020','DELL','HD','I5','','8','SIN PROBLEMA',0,1,1,6,0,'ASIGNADO','EMILIO GUADALUPE TORRES SALINAS',''),
(694,'','','HP R036LA','HP','SSD','A6','','8','BUEN ESTADO',0,1,1,6,0,'ASIGNADO','LUIS SOLIS',''),
(695,'','','DELL WORKSTATION 77500','DELL','SSD','XEON','','16','',0,1,1,6,0,'VACANTE','VACANTE',''),
(696,'','','HP G200LA','HP','SSD','A6','','8','',0,1,1,6,0,'ASIGNADO','OZIEL DELGADO',''),
(697,'','','HP ALL IN ONE 24-XA1XXX','HP','SSD','R5','','8','',0,1,1,6,0,'ASIGNADO','XAVIER ALANIS',''),
(698,'','','HP G200LA','HP','SSD','A6','','8','',0,1,1,6,0,'ASIGNADO','CAROL NICOLE',''),
(699,'','','HP ProDesk 600g4','HP','SSD','i5','','8','NUEVA',0,1,1,6,0,'ASIGNADO','EDWIN JASSIEL GARZA MARTINEZ',''),
(700,'','','HP ProDesk 600g4','HP','SSD','i5','','8','NUEVA',0,1,1,6,0,'ASIGNADO','IRVIN ABIEL RUEDA CARRIZALES',''),
(701,'','','HP ProDesk 600g4','HP','SSD','i5','','8','NUEVA',0,1,1,6,0,'ASIGNADO','MIGUEL FERNANDO REYNA ROCHA',''),
(702,'','','HP ProDesk 600g4','HP','SSD','i5','','8','NUEVA',0,1,1,6,0,'ASIGNADO','OMAR SOTERO FERNANDEZ SIERRA',''),
(703,'','','HP ProDesk 600g4','HP','SSD','i5','','8','NUEVA',0,1,1,6,0,'ASIGNADO','MANUEL ANTONIO MORENO RANGEL',''),
(704,'','','HP ProDesk 600g4','HP','SSD','I5','','8','NUEVA',0,1,1,6,0,'ASIGNADO','ASTRID DANAE MARTINEZ GONZALEZ',''),
(705,'','','HP ProDesk 600g4','HP','SSD','i5','','8','NUEVA',0,1,1,6,0,'ASIGNADO','SARA MARIA GONZALEZ BRIAGAS',''),
(706,'','','HP ProDesk 600g4','HP','SSD','i5','','8','NUEVA',0,1,1,6,0,'ASIGNADO','JORGE ELIUD PEREZ LEIJA',''),
(707,'','','HP ProDesk 600g4','HP','SSD','i5','','8','NUEVA',0,1,1,6,0,'ASIGNADO','JOSE ANDRES NIETO JUAREZ',''),
(708,'','','HP ProDesk 600g4','HP','SSD','i5','','8','NUEVA',0,1,1,6,0,'ASIGNADO','RUBEN ENRIQUE RODRIGUEZ GONZALEZ',''),
(709,'','','HP ProDesk 600g4','HP','SSD','i5','','8','NUEVA',0,1,1,6,0,'ASIGNADO','ALONDRA MATA FLORES',''),
(710,'','','HP ProDesk 600g4','HP','SSD','i5','','8','NUEVA',0,1,1,6,0,'ASIGNADO','YESSICA CAVAZOS',''),
(711,'','','HP ProDesk 600g4','HP','SSD','i5','','8','NUEVA',0,1,1,6,0,'ASIGNADO','RICARDO RAMIREZ SEGOVIA',''),
(712,'','','HP ProDesk 600g4','HP','SSD','i5','','8','NUEVA',0,1,1,6,0,'ASIGNADO','GREYZ HAIDEE RODRIGUEZ COBARRUBIAS',''),
(713,'','','HP ProDesk 600g4','HP','SSD','i5','','8','NUEVA',0,1,1,6,0,'ASIGNADO','ULISES FELIX FLORES CASTILLO',''),
(714,'','','HP ProDesk 600g4','HP','SSD','i5','','8','NUEVA',0,1,1,6,0,'ASIGNADO','VLADIMIR RANGEL RODRIGUEZ',''),
(715,'','','HP ProDesk 600g4','HP','SSD','i5','','8','NUEVA',0,1,1,6,0,'ASIGNADO','FERNANDO SALDAÑA DE LA ROSA',''),
(716,'','','HP ProDesk 600g4','HP','SSD','I5','','8','NUEVA',0,1,1,6,0,'ASIGNADO','EMMA ESTEFANIA OZUNA CHAIRES',''),
(717,'','','HP ProDesk 600g4','HP','SSD','i5','','8','NUEVA',0,1,1,6,0,'VACANTE','VACANTE',''),
(718,'','','HP ProDesk 600g4','HP','SSD','i5','','8','NUEVA',0,1,1,6,0,'ASIGNADO','JUAN EDGAR LARA GARZA',''),
(719,'','','HP ProDesk 600g4','HP','SSD','i5','','8','NUEVA',0,1,1,6,0,'ASIGNADO','MARIANA MAYELA GARCÍA GONZALEZ',''),
(720,'','','HP ProDesk 600g4','HP','SSD','i5','','8','NUEVA',0,1,1,6,0,'ASIGNADO','MARLENE LUGO VIDALES',''),
(721,'','','HP ProDesk 600g4','HP','SSD','i5','','8','NUEVA',0,1,1,6,0,'ASIGNADO','MELISA ALEJANDRA RANGEL BUSTOS',''),
(722,'','','HP ProDesk 600g4','HP','SSD','i5','','8','NUEVA',0,1,1,6,0,'ASIGNADO','ANGELES SARAIN RIVAS ELIAS',''),
(723,'','','HP ProDesk 600g4','HP','SSD','i5','','8','NUEVA',0,1,1,6,0,'VACANTE','VACANTE',''),
(724,'','','HP ProDesk 600g4','HP','SSD','i5','','8','NUEVA',0,1,1,6,0,'VACANTE','VACANTE',''),
(725,'','','HP ProDesk 600g4','HP','SSD','i5','','8','NUEVA',0,1,1,6,0,'ASIGNADO','MIGUEL ALEJANDRO CASTRO ESTRADA',''),
(726,'','','MICRO CPU LENOVO','LENOVO','SSD','I5','','8','NUEVA',0,1,1,6,0,'ASIGNADO','MIGUEL ANGEL LOZANO QUINTANILLA',''),
(727,'','','HP ProDesk 600g4','HP','SSD','i5','','8','NUEVA',0,1,1,6,0,'ASIGNADO','MIRIAM REBECA VILLARREAL LUNA',''),
(728,'','','HP 800 G3 Elitedesk','HP','SSD','I5','','16','NUEVA',0,1,1,6,0,'ASIGNADO','REYNALDO SANTOS MORENO',''),
(729,'','','DELL DESKTOP-R16J7SD','DELL','HD','i5','','8','',0,1,1,6,0,'VACANTE','VACANTE',''),
(730,'','','HP 800 G3 Elitedesk','HP','SSD','I5','','16','NUEVA',0,1,1,6,0,'ASIGNADO','MARTIN OVIDIO TAMEZ TAMEZ',''),
(731,'','','DELL 3020','DELL','HD','I5','','8','SIN PROBLEMAS',0,1,1,6,0,'ASIGNADO','JORGE TAMEZ',''),
(732,'','','DELL 3020','DELL','SSD','I5','','8','SIN PROBLEMAS',0,1,1,6,0,'ASIGNADO','JUAN BAUTISTA',''),
(733,'','','DELL 3020','DELL','SSD','I5','','8','',0,1,1,6,0,'ASIGNADO','MONICA ANAHI AGUILAR GONZALEZ',''),
(734,'','','MACBOOP PRO 13-2019','APPLE','SSD','I5','','8','',0,1,1,6,0,'ASIGNADO','ANGEL PULIDO BARRON',''),
(735,'','','OPTIPLEX 3020','DELL','SSD','I5','','8','',0,1,1,6,0,'ASIGNADO','NATALY REYNA',''),
(736,'','','HP 23154la','HP','SSD','A8','','8','',0,1,1,6,0,'ASIGNADO','EMELY  CARMONA VALDEZ',''),
(737,'','','OPTIPLEX 3020','DELL','SSD','I5','','8','',0,1,1,6,0,'ASIGNADO','NAYELI LUNA',''),
(738,'','','HP ALL IN ONE 24-XA1XXX','HP','SSD','R5','','8','UN POCO LENTA AL ABRIR PAGINAS',0,1,1,6,0,'ASIGNADO','RUBEN LIMON',''),
(739,'','','OPTIPLEX 3020','DELL','SSD','I5','','8','',0,1,1,6,0,'ASIGNADO','FRIDA PIÑA',''),
(740,'','','DELL 9020','DELL','SSD','I7','','8','',0,1,1,6,0,'ASIGNADO','VALERIA VARGAS',''),
(741,'','','acer aspire z3615','ACER','SSD','P','','8','',0,1,1,6,0,'ASIGNADO','FATIMA',''),
(742,'','','MAC','APPLE','','','','','',0,1,1,6,0,'ASIGNADO','ALEJANDRA ROJAS',''),
(743,'','','MAC','APPLE','','','','','',0,1,1,6,0,'ASIGNADO','ALEJANDRO CERVANTES BRAVO',''),
(744,'','','DELL 3020','DELL','SSD','I5','','8','',0,1,1,6,0,'ASIGNADO','DANIELA ORTIZ',''),
(745,'','','MAC','APPLE','','','','','',0,1,1,6,0,'ASIGNADO','GRECIA MODESTO',''),
(746,'','','HP ProDesk 600g4','HP','','I5','','8','',0,1,1,6,0,'ASIGNADO','SOFÍA GONZÁLEZ VALDEZ',''),
(747,'','','dell e5540','DELL','SSD-SSD','I5','','16','',0,1,1,6,0,'ASIGNADO','SARAI BELLO ALBARRÁN',''),
(748,'','','DELL 9030','DELL','SSD','I5','','8','',0,1,1,6,0,'VACANTE','VACANTE',''),
(749,'','','DELL 3020','DELL','SSD','I5','','8','',0,1,1,6,0,'ASIGNADO','ALAN SAUCEDO',''),
(750,'','','HP ProDesk 400g4','HP','SSD','I5','','8','',0,1,1,6,0,'ASIGNADO','MARIANA ESCOBEDO GARCIA',''),
(751,'','','OPTIPLEX 3020','DELL','SSD','I5','','8','SIN NINGUN PROBLEMA',0,1,1,6,0,'ASIGNADO','CLAUDIA GABRIELA LEAL GONZALEZ',''),
(752,'','','HP 24-F0XX','HP','SSD','A9','','8','NO SE ESTA UTILIZANDO POR AHORA YA QUE TENEMOS UNA VACANTE ABIERTA PARA ESTA COMPUTADORA',0,1,1,6,0,'ASIGNADO','VALERIA CORONADO ORTEGA',''),
(753,'','','DEL OPTIPLEX 9030AIO','DELL','SSD','I7','','8','SIN NINGUN PROBLEMA',0,1,1,6,0,'ASIGNADO','MIKEL GARZA',''),
(754,'','','HP 21','HP','SSD','','','8','BUEN ESTADO',0,1,1,6,0,'ASIGNADO','SERGIO HERNANDEZ',''),
(755,'','','DELL 3020','DELL','SSD','I5','','8','',0,1,1,6,0,'ASIGNADO','JESUS ALFONSO',''),
(756,'','','DELL 9020','DELL','SSD','I5','','8','',0,1,1,6,0,'ASIGNADO','OMAR VILLALOBOS',''),
(757,'','','ACER Z3-710','ACER','SSD','P','','8','TODO BIEN',0,1,1,6,0,'ASIGNADO','ARNOLD VAZQUEZ',''),
(758,'','','DELL 9010','DELL','SSD','I7','','8','TODO BIEN',0,1,1,6,0,'ASIGNADO','CARLOS ALMAGUER',''),
(759,'','','del inspiron 5502','DELL','SSD','I7','','16','TODO BIEN',0,1,1,6,0,'ASIGNADO','CARMEN GABRIELA',''),
(760,'','','HP 24-F0XX','HP','SSD','A9','','8','PIDE ACTUALIZARSE TODOS LOS DIAS Y DE REPENTE SE PONE LENTA',0,1,1,6,0,'ASIGNADO','CYNTHIA ALANIS',''),
(761,'','','dell vostro 3500','DELL','SSD','I5','','16','FUNCIONA CORRECTAMENTE',0,1,1,6,0,'VACANTE','VACANTE',''),
(762,'','','HP 24-F0XX','HP','SSD','A9','','8','DE REPENTE SE PONE LENTA',0,1,1,6,0,'ASIGNADO','MARIA DOLORES',''),
(763,'','','HP 24-F1XX','HP','HD','R3','','6','A VECES SE PONE LENTA Y NO RESPONDE',0,1,1,6,0,'ASIGNADO','LIZETH AYALA',''),
(764,'','','HP 24-F0XX','HP','HD','I3','','8','A VECES SE PONE LENTA Y NO RESPONDE',0,1,1,6,0,'ASIGNADO','SERGIO SALAS',''),
(765,'','','HP 24-F0XX','HP','SSD','A9','','8','',0,1,1,6,0,'ASIGNADO','DANIEL PEÑA',''),
(766,'','','HP 24-F0XX','HP','SSD','A9','','8','DE REPENTE SE PONE LENTA',0,1,1,6,0,'ASIGNADO','YOWALY VAZQUEZ',''),
(767,'','','HP ProDesk 600g4','HP','SSD','i5','','8','NUEVA',0,1,1,6,0,'ASIGNADO','AZAEL RANGEL',''),
(768,'','','HP ProDesk 600g4','HP','SSD','i5','','8','NUEVA',0,1,1,6,0,'ASIGNADO','JULIAN LOZANO',''),
(769,'','','HP ProDesk 600g4','HP','SSD','i5','','8','NUEVA',0,1,1,6,0,'ASIGNADO','BRENDA LIMAS',''),
(770,'','','DELL OPTIPLEX 9020 AIO','DELL','SSD','I5','','6','',0,1,1,6,0,'ASIGNADO','DAMARIS TORRES',''),
(771,'','','DELL OPTIPLEX 9020 AIO','DELL','SSD','I5','','8','',0,1,1,6,0,'ASIGNADO','THALIA MEDINA',''),
(772,'','','HP 24-G200LA','HP','SSD','I5','','8','',0,1,1,6,0,'ASIGNADO','DANIELA GONZALEZ',''),
(773,'','','ACER ASPIRE Z3-710','ACER','SSD','P','','8','SIN PROBLEMAS',0,1,1,6,0,'ASIGNADO','LUIS PEÑA',''),
(774,'','','HP ProDesk 600g4','HP','SSD','i5','','8','NUEVA',0,1,1,6,0,'ASIGNADO','ALAN SERNA',''),
(775,'','','DELL OPTIPLEX 9030 AIO','DELL','SSD','I5','','8','SIN PROBLEMAS',0,1,1,6,0,'ASIGNADO','CARLOS REYES',''),
(776,'','','HP ProDesk 600g4','HP','SSD','i5','','8','NUEVA',0,1,1,6,0,'ASIGNADO','ANDREA FLORES',''),
(777,'','','HP 24-F0XX','HP','SSD','A9','','8','SIN PROBLEMAS',0,1,1,6,0,'VACANTE','VACANTE',''),
(778,'','','DELL 3020','DELL','SSD','I5','','8','TODO BIEN EN LA PC',0,1,1,6,0,'ASIGNADO','KEVIN MORENO',''),
(779,'','','HP 24-G200LA','HP','SSD','A6','','8','',0,1,1,6,0,'ASIGNADO','NANCY ALEJANDRA JASSO MARTINEZ',''),
(780,'','','dell 9020','DELL','HD','I7','','8','SIN PROBLEMA',0,1,1,6,0,'ASIGNADO','CARLOS CAVAZOS',''),
(781,'','','DELL','DELL','SSD','I5','','8','',0,1,1,6,0,'ASIGNADO','XAVIER ALANIS',''),
(782,'','','DELL','DELL','SSD','I5','','8','',0,1,1,6,0,'ASIGNADO','AZAEL RANGEL',''),
(783,'','','DELL LATITUDE 5590','DELL','SSD','i5','','16','',0,1,1,6,0,'ASIGNADO','MIKEL GARZA',''),
(785,'','','HP 15 dx3xxx','HP ana','SSD','I7','','8','',0,1,1,6,0,'ASIGNADO','MARIA DE LOS ANGELES TREVIÑO',''),
(786,'','','HP PROBOOK 650 G1','HP','SSD','I5','','8','',0,1,1,6,0,'VACANTE','VACANTE',''),
(787,'','','ASUSX515J','ASUS','SSD','I5','','8','',0,1,1,6,0,'ASIGNADO','EVA MARIA SUAREZ BARRON',''),
(788,'','','DELL 5580','DELL','SSD','I5','','8','',0,1,1,6,0,'ASIGNADO','ALICIA JIMENEZ',''),
(789,'','','DELL 5580','DELL','SSD','I5','','8','',0,1,1,6,0,'VACANTE','VACANTE',''),
(790,'','','CUSTOM','CUSTOM','SSD','R7','','16','SIN PROBLEMAS',0,1,1,6,0,'ASIGNADO','ALEIDYS REYES',''),
(791,'','','CUSTOM','CUSTOM','SSD','R7','','16','SIN PROBLEMAS',0,1,1,6,0,'VACANTE','VACANTE',''),
(792,'','','DELL LATITUDE','DELL','SSD','I5','','8','UN POCO LENTA',0,1,1,6,0,'ASIGNADO','NANCY ALEJANDRA JASSO MARTINEZ',''),
(793,'','','HP AIO 24-F0XX','HP','HD','I3','','6','TARDA AL ENCENDER',0,1,1,6,0,'ASIGNADO','ALAN ALFREDO SANCHEZ LOPEZ',''),
(794,'','','HP COMPAQ 8200','HP','SSD','I5','','8','SIN NINGUN PROBLEMA',0,1,1,6,0,'ASIGNADO','EVELYN TAMEZ GARZA',''),
(795,'','','24-G200LA','HP','SSD','A6','','8','UN POCO LENTA',0,1,1,6,0,'ASIGNADO','BRENDA SALDIVAR SILVA',''),
(796,'','','DELL 9010','DELL','SSD','I5','','8','',0,1,1,6,0,'ASIGNADO','YADIRA CARDENAS CASTRO',''),
(797,'','','OPTIPLEX 3020','DELL','HD','I5','','8','',0,1,1,6,0,'ASIGNADO','ERNESTO BARBOSA JASSO',''),
(798,'','','DELL 3020','DELL','SSD','I5','','8','',0,1,1,6,0,'ASIGNADO','JESUS ALBERTO LEON DURAN',''),
(799,'','','HP AIO 24-F1XX','HP','SSD','R3','','6','',0,1,1,6,0,'ASIGNADO','LAURA FERNANDA DIAZ MARTINEZ',''),
(800,'','','MAC','APPLE','SSD','A8','','16','',0,1,1,6,0,'ASIGNADO','ARMANDO RODRIGUEZ',''),
(801,'','','MAC','APPLE','','','','','',0,1,1,6,0,'ASIGNADO','ELIZABETH TAMEZ',''),
(802,'','','MAC','APPLE','','','','','',0,1,1,6,0,'ASIGNADO','JOEL TAMEZ',''),
(803,'','','HP OMEN','HP','SSD','I5','','8','FALLA HDMI EN LA LAP',0,1,1,6,0,'ASIGNADO','KEVIN MORENO',''),
(804,'','','DELL 9020','DELL','SSD','I5','','8','',0,1,1,6,0,'ASIGNADO','ALAN HERNANDEZ RUIZ',''),
(805,'','','HP 24-F0XX','HP','SSD','A9','','8','ALGO LENTA Y SE TRABA',0,1,1,6,0,'VACANTE','VACANTE',''),
(806,'','','HP COMPAQ 8200','HP','HD','I5','','8','FUNCIONA BIEN SIN NINGUN PROBLEMA',0,1,1,6,0,'ASIGNADO','RUY ERICK LUCIO GUERRERO',''),
(807,'','','HP 24-F0XX','HP','SSD','A9','','8','ALGO LENTA Y SE TRABA',0,1,1,6,0,'ASIGNADO','RICARDO RODRIGUEZ FERNANDEZ',''),
(808,'','','HP 23 -Q153LA','HP','SSD','A8','','8','FUNCIONA BIEN SIN NINGUN PROBLEMA',0,1,1,6,0,'ASIGNADO','JOSE PEDRO SALDAÑA MARTINEZ',''),
(809,'','','LENOVO THINKPAD','LENOVO','SSD','I3','','8','FUNCIONA BIEN SIN NINGUN PROBLEMA',0,1,1,6,0,'ASIGNADO','PERLA JANETH ESPINOZA GONZALEZ',''),
(810,'','','HP 24-F0XX','HP','SSD-HDD','A9','','8','FUNCIONA BIEN SIN NINGUN PROBLEMA',0,1,1,6,0,'ASIGNADO','ISAIRA MORANTES MONTERO',''),
(811,'','','ASPIRE Z3-615','HP','SSD','P','','8','FUNCIONA BIEN SIN NINGUN PROBLEMA',0,1,1,6,0,'ASIGNADO','FELIX AARON NAJERA LOZA',''),
(812,'','','HP 24-F1XX','HP','SSD','R3','','6','FUNCIONA BIEN SIN NINGUN PROBLEMA',0,1,1,6,0,'ASIGNADO','JAVIER DE JESUS LLADO PAZ',''),
(813,'','','HP 23 -P101LA','HP','SSD','A6','','8','FUNCIONA BIEN SIN NINGUN PROBLEMA',0,1,1,6,0,'ASIGNADO','JULIO CESAR RANGEL LOZA',''),
(814,'','','HP 24 F101LA','HP','SSD','R3','','6','FUNCIONA BIEN SIN NINGUN PROBLEMA',0,1,1,6,0,'ASIGNADO','LUIS JAVIER ALANIS ESCAMILLA',''),
(815,'','','ACER Z3*615','ACER','SSD','P','','8','FUNCIONA BIEN SIN NINGUN PROBLEMA',0,1,1,6,0,'ASIGNADO','ARLETTE SILVA SALAZAR',''),
(816,'','','HP 24 G200LA','HP','SSD','A6','','8','FUNCIONA BIEN SIN NINGUN PROBLEMA',0,1,1,6,0,'ASIGNADO','ALEJANDRA GUADALUPE GARZA GARCIA',''),
(817,'','','HP COMPAQ 8200','HP','HD','I5','','8','FUNCIONA BIEN SIN NINGUN PROBLEMA',0,1,1,6,0,'ASIGNADO','VICTOR ALEJANDRO RUIZ GUTIERREZ',''),
(818,'','','HP 23R036LA','HP','SSD','A6','','8','FUNCIONA BIEN SIN NINGUN PROBLEMA',0,1,1,6,0,'ASIGNADO','JORGE ADRIAN CASTILLO TORRES',''),
(819,'','','HP AIO 24-F1XX','HP','SSD','R3','','6','',0,1,1,6,0,'ASIGNADO','CECILIA GONZALEZ TORRES',''),
(820,'','','ACER Z3-710','ACER','SSD','P','','8','UN POCO LENTA',0,1,1,6,0,'ASIGNADO','AURORA ANDRADE',''),
(821,'','','HP 23-P104LA','HP','SSD','A6','','8','TODO BIEN SIN PROBLEMA',0,1,1,6,0,'ASIGNADO','ALEXIS TORRES',''),
(822,'','','HP 23 R036LA','HP','SSD','A6','','8','TODO BIEN SIN PROBLEMA',0,1,1,6,0,'VACANTE','VACANTE',''),
(823,'','','LENOVO FOEM002JLD','LENOVO','HD','R3','','8','TODO BIEN SIN PROBLEMA',0,1,1,6,0,'ASIGNADO','JESSICA LAU',''),
(824,'','','H 24-B007LA','HP','HD','A9','','8','AVECES UN POCO LENTA',0,1,1,6,0,'ASIGNADO','JESUS GARCIA',''),
(825,'','','ACER Z3-615','ACER','SSD','P','','8','TODO BIEN SIN PROBLEMA',0,1,1,6,0,'ASIGNADO','TERESA MONTIEL',''),
(826,'','','ACER Z3-710','ACER','SSD','P','','8','BUEN FUNCIONAMIENTO',0,1,1,6,0,'ASIGNADO','ALONDRA SARAY MARTINEZ SIERRA',''),
(827,'','','ACER Z3-615','ACER','SSD','P','','8','anteriormente me dejaba manipular los formatos excel desde el cuerpo del correo, de pronto ya no lo permitio y necesito abrir una hoja aparte, si esto se pudiera corregir se los agradeceria',0,1,1,6,0,'ASIGNADO','DIEGO EDUARDO ELICERIO VARGAS',''),
(828,'','','ASPIRE Z3 710','ACER','SSD','P','','8','En Buen funcionamiento',0,1,1,6,0,'ASIGNADO','JULIO ALBERTOMATA VAZQUEZ',''),
(829,'','','ACER Z3-615','ACER','SSD','P','','8','buen funcionamiento, Solo almacenamiento de correo facturacion1 esta lleno',0,1,1,6,0,'ASIGNADO','JULIAN ACOSTA',''),
(830,'','','ACER Z3-615','ACER','SSD','P','','8','Buen funcionamiento',0,1,1,6,0,'ASIGNADO','SAMANTHA REYNA FLORES',''),
(831,'','','HP AIO 24-F0XX','HP','SSD','A9','','8','se alenta al momento de abrir varias pestañas',0,1,1,6,0,'ASIGNADO','ANDREA NICOLE CANTU OROZCO',''),
(832,'','','23-F290LA','HP','SSD','I3','','8','es muy antiguo el modelo y tiene fallas con el almacenamiento y se pone lenta y cuando se reinicia se tarda mucho.',0,1,1,6,0,'ASIGNADO','BRANDON ALANIS ESCAMILLA',''),
(833,'','','24-G200LA','HP','SSD','A6','','8','El unico motivo es que se tarda 2 min en prender la pantalla cuando recien se prende la computadora',0,1,1,6,0,'ASIGNADO','AARON GARCIA VALDEZ',''),
(834,'','','HP AIO 24-F0XX','HP','SSD','A9','','8','se alenta- se traba a veces al abrir muchas pestañas(excel, pdf, notas, correo, etc)',0,1,1,6,0,'ASIGNADO','BRENDA FABIOLA GANDARA GONZALEZ',''),
(835,'','','ASPIRE Z3 710','ACER','SSD','P','','8','UN POCO LENTA, TECLADO DURO Y ES DICIL TECLEAR',0,1,1,6,0,'ASIGNADO','DANIEL MARROQUIN MARROQUIN',''),
(836,'','','DELL INSPIRON ONE 2330','DELL','SSD','I3','','8','UN POCO LENTA CUANDO SE SATURA DE CORREOS Y SE TARDA EN PRENDER',0,1,1,6,0,'ASIGNADO','DEBANHI DEL CARMEN TREVIÑO GOMEZ',''),
(837,'','','24-G206LA','HP','SSD','A8','','8','BUEN FUNCIONAMIENTO, SOLO EN OCASIONES NO ME DEJA ABRIR LA CARPETA DONDE TENGO MIS ARCHIVOS Y TENGO QUE REINICIAR LA PC',0,1,1,6,0,'ASIGNADO','ESTEFANIA GAYTAN CONTRERAS',''),
(838,'','','HP 24-F1XX','HP','SSD','R3','','8','LA COMPUTADORA TIENE BUEN FUNCIONAMIENTO',0,1,1,6,0,'ASIGNADO','FRANCISCO EDUARDO GAYTAN CONTRERAS',''),
(839,'','','ACER Z3-710','ACER','SSD','P','','8','MUY BUEN FUNCIONAMIENTO',0,1,1,6,0,'ASIGNADO','ERNESTO RODRIGUEZ',''),
(840,'','','DELL 3020','DELL','SSD','I5','','8','',0,1,1,6,0,'ASIGNADO','JAVIER IRAM TAMEZ',''),
(841,'','','HP 23R036LA','HP','SSD','A6','','8','Buen funcionamiento',0,1,1,6,0,'ASIGNADO','ERNESTO ABRAHAM PEREZ MORALES',''),
(842,'','','DELL OPTIPLEX 9010 AIO','DELL','HD','I5','','8','Se tarda mucho al encender, se alenta al abrir pestañas y se traba cuandose satura de correos.',0,1,1,6,0,'ASIGNADO','ALAN ANDRES MARTINEZ RIVERA',''),
(843,'','','HP 24-f0xx','HP','SSD','A9','','8','en buen funcionamiento',0,1,1,6,0,'ASIGNADO','JORGE ALEJANDRO ALMAGUER GÁNDARA',''),
(844,'','','HP 24-G200LA','HP','SSD','A6','','8','',0,1,1,6,0,'ASIGNADO','WENDY YARESSY VALDEZ VALDEZ',''),
(845,'','','HP 24-F1XX','HP','SSD','R3','','8','',0,1,1,6,0,'ASIGNADO','EDGAR RODRIGUEZ SILVA',''),
(846,'','','HP 24-G200LA','HP','','','','','',0,1,1,6,0,'ASIGNADO','GONZALO GONZALEZ ALONSO',''),
(847,'','','LENOVO 1577J6S','LENOVO','SSD','I5','','8','',0,1,1,6,0,'VACANTE','VACANTE',''),
(848,'','','DELL 9020','DELL','SSD','I7','','8','',0,1,1,6,0,'ASIGNADO','ALBA MARROQUIN',''),
(849,'','','DELL 3020','DELL','SSD','I5','','8','',0,1,1,6,0,'ASIGNADO','CINTHIA GABRIELA OVIEDO ESPINOZA',''),
(850,'','','ACER Z3-710','ACER','SSD','P','','8','',0,1,1,6,0,'ASIGNADO','ISAMAR GUTIERREZ BALDERAS',''),
(851,'','','HP ALL IN ONE 24-F0XX','HP','SSD','A9','','8','UN POCO LENTA, A VECES SE TRABA Y ME CIERRA VENTANAS Y LA LAP TOP IGUAL',0,1,1,6,0,'ASIGNADO','JORDAN ALMAGUER',''),
(852,'','','HP AIO 24-F0XX','HP','SSD','A9','','8','UN POCO LENTA Y A VECES SE TRABA UN POCO',0,1,1,6,0,'ASIGNADO','ALONDRA MARIBEL VARGAS TENEYUQUE',''),
(853,'','','DELL 9010','DELL','SSD','I5','','8','',0,1,1,6,0,'ASIGNADO','LESLY MICHELLE SALINAS IBARRA',''),
(854,'','','DELL LATITUDE','DELL','SSD','I5','','8','SIN PROBLEMA',0,1,1,6,0,'ASIGNADO','CARLOS CAVAZOS',''),
(855,'','','DELL 3020','DELL','HD','I5','','8','SIN PROBLEMA',0,1,1,6,0,'ASIGNADO','EMILIO GUADALUPE TORRES SALINAS',''),
(856,'','','HP R036LA','HP','SSD','A6','','8','BUEN ESTADO',0,1,1,6,0,'ASIGNADO','LUIS SOLIS',''),
(857,'','','DELL WORKSTATION 77500','DELL','SSD','XEON','','16','',0,1,1,6,0,'VACANTE','VACANTE',''),
(858,'','','HP G200LA','HP','SSD','A6','','8','',0,1,1,6,0,'ASIGNADO','OZIEL DELGADO',''),
(859,'','','HP ALL IN ONE 24-XA1XXX','HP','SSD','R5','','8','',0,1,1,6,0,'ASIGNADO','XAVIER ALANIS',''),
(860,'','','HP G200LA','HP','SSD','A6','','8','',0,1,1,6,0,'ASIGNADO','CAROL NICOLE',''),
(861,'','','HP ProDesk 600g4','HP','SSD','i5','','8','NUEVA',0,1,1,6,0,'ASIGNADO','EDWIN JASSIEL GARZA MARTINEZ',''),
(862,'','','HP ProDesk 600g4','HP','SSD','i5','','8','NUEVA',0,1,1,6,0,'ASIGNADO','IRVIN ABIEL RUEDA CARRIZALES',''),
(863,'','','HP ProDesk 600g4','HP','SSD','i5','','8','NUEVA',0,1,1,6,0,'ASIGNADO','MIGUEL FERNANDO REYNA ROCHA',''),
(864,'','','HP ProDesk 600g4','HP','SSD','i5','','8','NUEVA',0,1,1,6,0,'ASIGNADO','OMAR SOTERO FERNANDEZ SIERRA',''),
(865,'','','HP ProDesk 600g4','HP','SSD','i5','','8','NUEVA',0,1,1,6,0,'ASIGNADO','MANUEL ANTONIO MORENO RANGEL',''),
(866,'','','HP ProDesk 600g4','HP','SSD','I5','','8','NUEVA',0,1,1,6,0,'ASIGNADO','ASTRID DANAE MARTINEZ GONZALEZ',''),
(867,'','','HP ProDesk 600g4','HP','SSD','i5','','8','NUEVA',0,1,1,6,0,'ASIGNADO','SARA MARIA GONZALEZ BRIAGAS',''),
(868,'','','HP ProDesk 600g4','HP','SSD','i5','','8','NUEVA',0,1,1,6,0,'ASIGNADO','JORGE ELIUD PEREZ LEIJA',''),
(869,'','','HP ProDesk 600g4','HP','SSD','i5','','8','NUEVA',0,1,1,6,0,'ASIGNADO','JOSE ANDRES NIETO JUAREZ',''),
(870,'','','HP ProDesk 600g4','HP','SSD','i5','','8','NUEVA',0,1,1,6,0,'ASIGNADO','RUBEN ENRIQUE RODRIGUEZ GONZALEZ',''),
(871,'','','HP ProDesk 600g4','HP','SSD','i5','','8','NUEVA',0,1,1,6,0,'ASIGNADO','ALONDRA MATA FLORES',''),
(872,'','','HP ProDesk 600g4','HP','SSD','i5','','8','NUEVA',0,1,1,6,0,'ASIGNADO','YESSICA CAVAZOS',''),
(873,'','','HP ProDesk 600g4','HP','SSD','i5','','8','NUEVA',0,1,1,6,0,'ASIGNADO','RICARDO RAMIREZ SEGOVIA',''),
(874,'','','HP ProDesk 600g4','HP','SSD','i5','','8','NUEVA',0,1,1,6,0,'ASIGNADO','GREYZ HAIDEE RODRIGUEZ COBARRUBIAS',''),
(875,'','','HP ProDesk 600g4','HP','SSD','i5','','8','NUEVA',0,1,1,6,0,'ASIGNADO','ULISES FELIX FLORES CASTILLO',''),
(876,'','','HP ProDesk 600g4','HP','SSD','i5','','8','NUEVA',0,1,1,6,0,'ASIGNADO','VLADIMIR RANGEL RODRIGUEZ',''),
(877,'','','HP ProDesk 600g4','HP','SSD','i5','','8','NUEVA',0,1,1,6,0,'ASIGNADO','FERNANDO SALDAÑA DE LA ROSA',''),
(878,'','','HP ProDesk 600g4','HP','SSD','I5','','8','NUEVA',0,1,1,6,0,'ASIGNADO','EMMA ESTEFANIA OZUNA CHAIRES',''),
(879,'','','HP ProDesk 600g4','HP','SSD','i5','','8','NUEVA',0,1,1,6,0,'VACANTE','VACANTE',''),
(880,'','','HP ProDesk 600g4','HP','SSD','i5','','8','NUEVA',0,1,1,6,0,'ASIGNADO','JUAN EDGAR LARA GARZA',''),
(881,'','','HP ProDesk 600g4','HP','SSD','i5','','8','NUEVA',0,1,1,6,0,'ASIGNADO','MARIANA MAYELA GARCÍA GONZALEZ',''),
(882,'','','HP ProDesk 600g4','HP','SSD','i5','','8','NUEVA',0,1,1,6,0,'ASIGNADO','MARLENE LUGO VIDALES',''),
(883,'','','HP ProDesk 600g4','HP','SSD','i5','','8','NUEVA',0,1,1,6,0,'ASIGNADO','MELISA ALEJANDRA RANGEL BUSTOS',''),
(884,'','','HP ProDesk 600g4','HP','SSD','i5','','8','NUEVA',0,1,1,6,0,'ASIGNADO','ANGELES SARAIN RIVAS ELIAS',''),
(885,'','','HP ProDesk 600g4','HP','SSD','i5','','8','NUEVA',0,1,1,6,0,'VACANTE','VACANTE',''),
(886,'','','HP ProDesk 600g4','HP','SSD','i5','','8','NUEVA',0,1,1,6,0,'VACANTE','VACANTE',''),
(887,'','','HP ProDesk 600g4','HP','SSD','i5','','8','NUEVA',0,1,1,6,0,'ASIGNADO','MIGUEL ALEJANDRO CASTRO ESTRADA',''),
(888,'','','MICRO CPU LENOVO','LENOVO','SSD','I5','','8','NUEVA',0,1,1,6,0,'ASIGNADO','MIGUEL ANGEL LOZANO QUINTANILLA',''),
(889,'','','HP ProDesk 600g4','HP','SSD','i5','','8','NUEVA',0,1,1,6,0,'ASIGNADO','MIRIAM REBECA VILLARREAL LUNA',''),
(890,'','','HP 800 G3 Elitedesk','HP','SSD','I5','','16','NUEVA',0,1,1,6,0,'ASIGNADO','REYNALDO SANTOS MORENO',''),
(891,'','','DELL DESKTOP-R16J7SD','DELL','HD','i5','','8','',0,1,1,6,0,'VACANTE','VACANTE',''),
(892,'','','HP 800 G3 Elitedesk','HP','SSD','I5','','16','NUEVA',0,1,1,6,0,'ASIGNADO','MARTIN OVIDIO TAMEZ TAMEZ',''),
(893,'','','DELL 3020','DELL','HD','I5','','8','SIN PROBLEMAS',0,1,1,6,0,'ASIGNADO','JORGE TAMEZ',''),
(894,'','','DELL 3020','DELL','SSD','I5','','8','SIN PROBLEMAS',0,1,1,6,0,'ASIGNADO','JUAN BAUTISTA',''),
(895,'','','DELL 3020','DELL','SSD','I5','','8','',0,1,1,6,0,'ASIGNADO','MONICA ANAHI AGUILAR GONZALEZ',''),
(896,'','','MACBOOP PRO 13-2019','APPLE','SSD','I5','','8','',0,1,1,6,0,'ASIGNADO','ANGEL PULIDO BARRON',''),
(897,'','','OPTIPLEX 3020','DELL','SSD','I5','','8','',0,1,1,6,0,'ASIGNADO','NATALY REYNA',''),
(898,'','','HP 23154la','HP','SSD','A8','','8','',0,1,1,6,0,'ASIGNADO','EMELY  CARMONA VALDEZ',''),
(899,'','','OPTIPLEX 3020','DELL','SSD','I5','','8','',0,1,1,6,0,'ASIGNADO','NAYELI LUNA',''),
(900,'','','HP ALL IN ONE 24-XA1XXX','HP','SSD','R5','','8','UN POCO LENTA AL ABRIR PAGINAS',0,1,1,6,0,'ASIGNADO','RUBEN LIMON',''),
(901,'','','OPTIPLEX 3020','DELL','SSD','I5','','8','',0,1,1,6,0,'ASIGNADO','FRIDA PIÑA',''),
(902,'','','DELL 9020','DELL','SSD','I7','','8','',0,1,1,6,0,'ASIGNADO','VALERIA VARGAS',''),
(903,'','','acer aspire z3615','ACER','SSD','P','','8','',0,1,1,6,0,'ASIGNADO','FATIMA',''),
(904,'','','MAC','APPLE','','','','','',0,1,1,6,0,'ASIGNADO','ALEJANDRA ROJAS',''),
(905,'','','MAC','APPLE','','','','','',0,1,1,6,0,'ASIGNADO','ALEJANDRO CERVANTES BRAVO',''),
(906,'','','DELL 3020','DELL','SSD','I5','','8','',0,1,1,6,0,'ASIGNADO','DANIELA ORTIZ',''),
(907,'','','MAC','APPLE','','','','','',0,1,1,6,0,'ASIGNADO','GRECIA MODESTO',''),
(908,'','','HP ProDesk 600g4','HP','','I5','','8','',0,1,1,6,0,'ASIGNADO','SOFÍA GONZÁLEZ VALDEZ',''),
(909,'','','dell e5540','DELL','SSD-SSD','I5','','16','',0,1,1,6,0,'ASIGNADO','SARAI BELLO ALBARRÁN',''),
(910,'','','DELL 9030','DELL','SSD','I5','','8','',0,1,1,6,0,'VACANTE','VACANTE',''),
(911,'','','DELL 3020','DELL','SSD','I5','','8','',0,1,1,6,0,'ASIGNADO','ALAN SAUCEDO',''),
(912,'','','HP ProDesk 400g4','HP','SSD','I5','','8','',0,1,1,6,0,'ASIGNADO','MARIANA ESCOBEDO GARCIA',''),
(913,'','','OPTIPLEX 3020','DELL','SSD','I5','','8','SIN NINGUN PROBLEMA',0,1,1,6,0,'ASIGNADO','CLAUDIA GABRIELA LEAL GONZALEZ',''),
(914,'','','HP 24-F0XX','HP','SSD','A9','','8','NO SE ESTA UTILIZANDO POR AHORA YA QUE TENEMOS UNA VACANTE ABIERTA PARA ESTA COMPUTADORA',0,1,1,6,0,'ASIGNADO','VALERIA CORONADO ORTEGA',''),
(915,'','','DEL OPTIPLEX 9030AIO','DELL','SSD','I7','','8','SIN NINGUN PROBLEMA',0,1,1,6,0,'ASIGNADO','MIKEL GARZA',''),
(916,'','','HP 21','HP','SSD','','','8','BUEN ESTADO',0,1,1,6,0,'ASIGNADO','SERGIO HERNANDEZ',''),
(917,'','','DELL 3020','DELL','SSD','I5','','8','',0,1,1,6,0,'ASIGNADO','JESUS ALFONSO',''),
(918,'','','DELL 9020','DELL','SSD','I5','','8','',0,1,1,6,0,'ASIGNADO','OMAR VILLALOBOS',''),
(919,'','','ACER Z3-710','ACER','SSD','P','','8','TODO BIEN',0,1,1,6,0,'ASIGNADO','ARNOLD VAZQUEZ',''),
(920,'','','DELL 9010','DELL','SSD','I7','','8','TODO BIEN',0,1,1,6,0,'ASIGNADO','CARLOS ALMAGUER',''),
(921,'','','del inspiron 5502','DELL','SSD','I7','','16','TODO BIEN',0,1,1,6,0,'ASIGNADO','CARMEN GABRIELA',''),
(922,'','','HP 24-F0XX','HP','SSD','A9','','8','PIDE ACTUALIZARSE TODOS LOS DIAS Y DE REPENTE SE PONE LENTA',0,1,1,6,0,'ASIGNADO','CYNTHIA ALANIS',''),
(923,'','','dell vostro 3500','DELL','SSD','I5','','16','FUNCIONA CORRECTAMENTE',0,1,1,6,0,'VACANTE','VACANTE',''),
(924,'','','HP 24-F0XX','HP','SSD','A9','','8','DE REPENTE SE PONE LENTA',0,1,1,6,0,'ASIGNADO','MARIA DOLORES',''),
(925,'','','HP 24-F1XX','HP','HD','R3','','6','A VECES SE PONE LENTA Y NO RESPONDE',0,1,1,6,0,'ASIGNADO','LIZETH AYALA',''),
(926,'','','HP 24-F0XX','HP','HD','I3','','8','A VECES SE PONE LENTA Y NO RESPONDE',0,1,1,6,0,'ASIGNADO','SERGIO SALAS',''),
(927,'','','HP 24-F0XX','HP','SSD','A9','','8','',0,1,1,6,0,'ASIGNADO','DANIEL PEÑA',''),
(928,'','','HP 24-F0XX','HP','SSD','A9','','8','DE REPENTE SE PONE LENTA',0,1,1,6,0,'ASIGNADO','YOWALY VAZQUEZ',''),
(929,'','','HP ProDesk 600g4','HP','SSD','i5','','8','NUEVA',0,1,1,6,0,'ASIGNADO','AZAEL RANGEL',''),
(930,'','','HP ProDesk 600g4','HP','SSD','i5','','8','NUEVA',0,1,1,6,0,'ASIGNADO','JULIAN LOZANO',''),
(931,'','','HP ProDesk 600g4','HP','SSD','i5','','8','NUEVA',0,1,1,6,0,'ASIGNADO','BRENDA LIMAS',''),
(932,'','','DELL OPTIPLEX 9020 AIO','DELL','SSD','I5','','6','',0,1,1,6,0,'ASIGNADO','DAMARIS TORRES',''),
(933,'','','DELL OPTIPLEX 9020 AIO','DELL','SSD','I5','','8','',0,1,1,6,0,'ASIGNADO','THALIA MEDINA',''),
(934,'','','HP 24-G200LA','HP','SSD','I5','','8','',0,1,1,6,0,'ASIGNADO','DANIELA GONZALEZ',''),
(935,'','','ACER ASPIRE Z3-710','ACER','SSD','P','','8','SIN PROBLEMAS',0,1,1,6,0,'ASIGNADO','LUIS PEÑA',''),
(936,'','','HP ProDesk 600g4','HP','SSD','i5','','8','NUEVA',0,1,1,6,0,'ASIGNADO','ALAN SERNA',''),
(937,'','','DELL OPTIPLEX 9030 AIO','DELL','SSD','I5','','8','SIN PROBLEMAS',0,1,1,6,0,'ASIGNADO','CARLOS REYES',''),
(938,'','','HP ProDesk 600g4','HP','SSD','i5','','8','NUEVA',0,1,1,6,0,'ASIGNADO','ANDREA FLORES',''),
(939,'','','HP 24-F0XX','HP','SSD','A9','','8','SIN PROBLEMAS',0,1,1,6,0,'VACANTE','VACANTE',''),
(940,'','','DELL 3020','DELL','SSD','I5','','8','TODO BIEN EN LA PC',0,1,1,6,0,'ASIGNADO','KEVIN MORENO',''),
(941,'','','HP 24-G200LA','HP','SSD','A6','','8','',0,1,1,6,0,'ASIGNADO','NANCY ALEJANDRA JASSO MARTINEZ',''),
(942,'','','dell 9020','DELL','HD','I7','','8','SIN PROBLEMA',0,1,1,6,0,'ASIGNADO','CARLOS CAVAZOS',''),
(943,'','','DELL','DELL','SSD','I5','','8','',0,1,1,6,0,'ASIGNADO','XAVIER ALANIS',''),
(944,'','','DELL','DELL','SSD','I5','','8','',0,1,1,6,0,'ASIGNADO','AZAEL RANGEL',''),
(945,'','','DELL LATITUDE 5590','DELL','SSD','i5','','16','',0,1,1,6,0,'ASIGNADO','MIKEL GARZA',''),
(946,'../../assets/images/descarga (2).jpeg',NULL,'ana','ana','ana','ana','ana','ana','ana',0,404,2,6,405,'si','anahy',NULL);

/*Table structure for table `departamentos` */

DROP TABLE IF EXISTS `departamentos`;

CREATE TABLE `departamentos` (
  `Id_departamento` int(11) NOT NULL AUTO_INCREMENT,
  `nombre` varchar(100) NOT NULL,
  PRIMARY KEY (`Id_departamento`)
) ENGINE=InnoDB AUTO_INCREMENT=16 DEFAULT CHARSET=utf8mb4;

/*Data for the table `departamentos` */

insert  into `departamentos`(`Id_departamento`,`nombre`) values 
(6,'Optimizaciones'),
(7,'SIstemas'),
(8,'RH'),
(9,'DIseño'),
(10,'Producciones'),
(11,'Proyectos'),
(13,'kabzo (prueba)1'),
(14,'Domicilios'),
(15,'Prueba 1');

/*Table structure for table `direcciones` */

DROP TABLE IF EXISTS `direcciones`;

CREATE TABLE `direcciones` (
  `id_direcc` int(10) NOT NULL AUTO_INCREMENT,
  `nombre_dir` varchar(250) DEFAULT NULL,
  `id_departamentos` int(20) DEFAULT NULL,
  KEY `id_direcc` (`id_direcc`),
  KEY `id_departamentos` (`id_departamentos`),
  CONSTRAINT `direcciones_ibfk_1` FOREIGN KEY (`id_departamentos`) REFERENCES `departamentos` (`Id_departamento`) ON DELETE CASCADE ON UPDATE CASCADE
) ENGINE=InnoDB AUTO_INCREMENT=2 DEFAULT CHARSET=utf8mb4;

/*Data for the table `direcciones` */

insert  into `direcciones`(`id_direcc`,`nombre_dir`,`id_departamentos`) values 
(1,'Grecia',6);

/*Table structure for table `domicilios` */

DROP TABLE IF EXISTS `domicilios`;

CREATE TABLE `domicilios` (
  `id_domicilio` int(11) NOT NULL AUTO_INCREMENT,
  `descripcion` varchar(100) NOT NULL,
  `total` varchar(5) NOT NULL,
  `Id_departamento` int(10) NOT NULL,
  `direccion` varchar(250) NOT NULL,
  `municipio` varchar(80) NOT NULL,
  `ubicacion` varchar(90) NOT NULL,
  `empresa1` varchar(150) NOT NULL,
  `foto1` varchar(100) NOT NULL,
  `empresa2` varchar(100) NOT NULL,
  `foto2` varchar(100) NOT NULL,
  PRIMARY KEY (`id_domicilio`),
  KEY `domicilios_ibfk_1` (`Id_departamento`),
  CONSTRAINT `domicilios_ibfk_1` FOREIGN KEY (`Id_departamento`) REFERENCES `departamentos` (`Id_departamento`) ON DELETE CASCADE ON UPDATE CASCADE
) ENGINE=InnoDB AUTO_INCREMENT=667 DEFAULT CHARSET=utf8mb4;

/*Data for the table `domicilios` */

insert  into `domicilios`(`id_domicilio`,`descripcion`,`total`,`Id_departamento`,`direccion`,`municipio`,`ubicacion`,`empresa1`,`foto1`,`empresa2`,`foto2`) values 
(2,'ESCRITORIOS','1',14,'Calle: Mariano Escobedo #124 Zona Centro Monterrey #N/u INCORRECTO   (CORRECCION #214 A NO VISIBLE)','MONTERREY','25° 40\' 29.3174\" N 100° 18\' 48.0348\" W','Latimex','FOTOS LATIMEX','Constructure','FOTOS CONSTRUCTURE'),
(3,'SILLAS DE ESCRITORIOS','4',14,'Calle: Mariano Escobedo #124 Zona Centro Monterrey #N/u INCORRECTO   (CORRECCION #214 A NO VISIBLE)','MONTERREY','25° 40\' 29.3174\" N 100° 18\' 48.0348\" W','Latimex','FOTOS LATIMEX','Constructure','FOTOS CONSTRUCTURE'),
(4,'SILLAS ','0',14,'Calle: Mariano Escobedo #124 Zona Centro Monterrey #N/u INCORRECTO   (CORRECCION #214 A NO VISIBLE)','MONTERREY','25° 40\' 29.3174\" N 100° 18\' 48.0348\" W','Latimex','FOTOS LATIMEX','Constructure','FOTOS CONSTRUCTURE'),
(5,'MESA (ESCRITORIO)','0',14,'Calle: Mariano Escobedo #124 Zona Centro Monterrey #N/u INCORRECTO   (CORRECCION #214 A NO VISIBLE)','MONTERREY','25° 40\' 29.3174\" N 100° 18\' 48.0348\" W','Latimex','FOTOS LATIMEX','Constructure','FOTOS CONSTRUCTURE'),
(6,'SILLONES','0',14,'Calle: Mariano Escobedo #124 Zona Centro Monterrey #N/u INCORRECTO   (CORRECCION #214 A NO VISIBLE)','MONTERREY','25° 40\' 29.3174\" N 100° 18\' 48.0348\" W','Latimex','FOTOS LATIMEX','Constructure','FOTOS CONSTRUCTURE'),
(7,'MESA  DE CENTRO','0',14,'Calle: Mariano Escobedo #124 Zona Centro Monterrey #N/u INCORRECTO   (CORRECCION #214 A NO VISIBLE)','MONTERREY','25° 40\' 29.3174\" N 100° 18\' 48.0348\" W','Latimex','FOTOS LATIMEX','Constructure','FOTOS CONSTRUCTURE'),
(8,'CAJONERAS','0',14,'Calle: Mariano Escobedo #124 Zona Centro Monterrey #N/u INCORRECTO   (CORRECCION #214 A NO VISIBLE)','MONTERREY','25° 40\' 29.3174\" N 100° 18\' 48.0348\" W','Latimex','FOTOS LATIMEX','Constructure','FOTOS CONSTRUCTURE'),
(9,'ESTANTES','1',14,'Calle: Mariano Escobedo #124 Zona Centro Monterrey #N/u INCORRECTO   (CORRECCION #214 A NO VISIBLE)','MONTERREY','25° 40\' 29.3174\" N 100° 18\' 48.0348\" W','Latimex','FOTOS LATIMEX','Constructure','FOTOS CONSTRUCTURE'),
(10,'COMPUTADORA','0',14,'Calle: Mariano Escobedo #124 Zona Centro Monterrey #N/u INCORRECTO   (CORRECCION #214 A NO VISIBLE)','MONTERREY','25° 40\' 29.3174\" N 100° 18\' 48.0348\" W','Latimex','FOTOS LATIMEX','Constructure','FOTOS CONSTRUCTURE'),
(11,'IMPRESORA','0',14,'Calle: Mariano Escobedo #124 Zona Centro Monterrey #N/u INCORRECTO   (CORRECCION #214 A NO VISIBLE)','MONTERREY','25° 40\' 29.3174\" N 100° 18\' 48.0348\" W','Latimex','FOTOS LATIMEX','Constructure','FOTOS CONSTRUCTURE'),
(12,'TELEVISIÓN','0',14,'Calle: Mariano Escobedo #124 Zona Centro Monterrey #N/u INCORRECTO   (CORRECCION #214 A NO VISIBLE)','MONTERREY','25° 40\' 29.3174\" N 100° 18\' 48.0348\" W','Latimex','FOTOS LATIMEX','Constructure','FOTOS CONSTRUCTURE'),
(13,'DISPENSADOR DE AGUA','1',14,'Calle: Mariano Escobedo #124 Zona Centro Monterrey #N/u INCORRECTO   (CORRECCION #214 A NO VISIBLE)','MONTERREY','25° 40\' 29.3174\" N 100° 18\' 48.0348\" W','Latimex','FOTOS LATIMEX','Constructure','FOTOS CONSTRUCTURE'),
(14,'VENTILADOR','0',14,'Calle: Mariano Escobedo #124 Zona Centro Monterrey #N/u INCORRECTO   (CORRECCION #214 A NO VISIBLE)','MONTERREY','25° 40\' 29.3174\" N 100° 18\' 48.0348\" W','Latimex','FOTOS LATIMEX','Constructure','FOTOS CONSTRUCTURE'),
(15,'BANCO','0',14,'Calle: Mariano Escobedo #124 Zona Centro Monterrey #N/u INCORRECTO   (CORRECCION #214 A NO VISIBLE)','MONTERREY','25° 40\' 29.3174\" N 100° 18\' 48.0348\" W','Latimex','FOTOS LATIMEX','Constructure','FOTOS CONSTRUCTURE'),
(16,'CALENTADOR','0',14,'Calle: Mariano Escobedo #124 Zona Centro Monterrey #N/u INCORRECTO   (CORRECCION #214 A NO VISIBLE)','MONTERREY','25° 40\' 29.3174\" N 100° 18\' 48.0348\" W','Latimex','FOTOS LATIMEX','Constructure','FOTOS CONSTRUCTURE'),
(17,'ESCRITORIOS','2',14,'Calle Roble 2302 Int 5, Colonia Progreso, Monterrey, Nuevo Leon, CP 64420','MONTERREY','Roble 2302','Grabum','FOTOS GRABUM','Fortem','FOTOS FORTEM'),
(18,'SILLAS DE ESCRITORIOS','4',14,'Calle Roble 2302 Int 5, Colonia Progreso, Monterrey, Nuevo Leon, CP 64420','MONTERREY','Roble 2302','Grabum','FOTOS GRABUM','Fortem','FOTOS FORTEM'),
(19,'SILLAS ','0',14,'Calle Roble 2302 Int 5, Colonia Progreso, Monterrey, Nuevo Leon, CP 64420','MONTERREY','Roble 2302','Grabum','FOTOS GRABUM','Fortem','FOTOS FORTEM'),
(20,'MESA (ESCRITORIO)','0',14,'Calle Roble 2302 Int 5, Colonia Progreso, Monterrey, Nuevo Leon, CP 64420','MONTERREY','Roble 2302','Grabum','FOTOS GRABUM','Fortem','FOTOS FORTEM'),
(21,'SILLONES','0',14,'Calle Roble 2302 Int 5, Colonia Progreso, Monterrey, Nuevo Leon, CP 64420','MONTERREY','Roble 2302','Grabum','FOTOS GRABUM','Fortem','FOTOS FORTEM'),
(22,'MESA  DE CENTRO','0',14,'Calle Roble 2302 Int 5, Colonia Progreso, Monterrey, Nuevo Leon, CP 64420','MONTERREY','Roble 2302','Grabum','FOTOS GRABUM','Fortem','FOTOS FORTEM'),
(23,'CAJONERAS','0',14,'Calle Roble 2302 Int 5, Colonia Progreso, Monterrey, Nuevo Leon, CP 64420','MONTERREY','Roble 2302','Grabum','FOTOS GRABUM','Fortem','FOTOS FORTEM'),
(24,'ESTANTES','2',14,'Calle Roble 2302 Int 5, Colonia Progreso, Monterrey, Nuevo Leon, CP 64420','MONTERREY','Roble 2302','Grabum','FOTOS GRABUM','Fortem','FOTOS FORTEM'),
(25,'COMPUTADORA','1',14,'Calle Roble 2302 Int 5, Colonia Progreso, Monterrey, Nuevo Leon, CP 64420','MONTERREY','Roble 2302','Grabum','FOTOS GRABUM','Fortem','FOTOS FORTEM'),
(26,'IMPRESORA','0',14,'Calle Roble 2302 Int 5, Colonia Progreso, Monterrey, Nuevo Leon, CP 64420','MONTERREY','Roble 2302','Grabum','FOTOS GRABUM','Fortem','FOTOS FORTEM'),
(27,'TELEVISIÓN','0',14,'Calle Roble 2302 Int 5, Colonia Progreso, Monterrey, Nuevo Leon, CP 64420','MONTERREY','Roble 2302','Grabum','FOTOS GRABUM','Fortem','FOTOS FORTEM'),
(28,'DISPENSADOR DE AGUA','0',14,'Calle Roble 2302 Int 5, Colonia Progreso, Monterrey, Nuevo Leon, CP 64420','MONTERREY','Roble 2302','Grabum','FOTOS GRABUM','Fortem','FOTOS FORTEM'),
(29,'VENTILADOR','0',14,'Calle Roble 2302 Int 5, Colonia Progreso, Monterrey, Nuevo Leon, CP 64420','MONTERREY','Roble 2302','Grabum','FOTOS GRABUM','Fortem','FOTOS FORTEM'),
(30,'BANCO','0',14,'Calle Roble 2302 Int 5, Colonia Progreso, Monterrey, Nuevo Leon, CP 64420','MONTERREY','Roble 2302','Grabum','FOTOS GRABUM','Fortem','FOTOS FORTEM'),
(31,'CALENTADOR','0',14,'Calle Roble 2302 Int 5, Colonia Progreso, Monterrey, Nuevo Leon, CP 64420','MONTERREY','Roble 2302','Grabum','FOTOS GRABUM','Fortem','FOTOS FORTEM'),
(32,'ESCRITORIOS','0',14,'Calle Zapopan #4868, Local 11, Colonia Cumbres 3 Sector, Monterrey, Nuevo Leon. CP 64610','MONTERREY','Av Zapopan 4868','Dellow','FOTOS DELLOW','Axelia','FOTOS AXELIA'),
(33,'SILLAS DE ESCRITORIOS','6',14,'Calle Zapopan #4868, Local 11, Colonia Cumbres 3 Sector, Monterrey, Nuevo Leon. CP 64610','MONTERREY','Av Zapopan 4868','Dellow','FOTOS DELLOW','Axelia','FOTOS AXELIA'),
(34,'SILLAS ','0',14,'Calle Zapopan #4868, Local 11, Colonia Cumbres 3 Sector, Monterrey, Nuevo Leon. CP 64610','MONTERREY','Av Zapopan 4868','Dellow','FOTOS DELLOW','Axelia','FOTOS AXELIA'),
(35,'MESA (ESCRITORIO)','3',14,'Calle Zapopan #4868, Local 11, Colonia Cumbres 3 Sector, Monterrey, Nuevo Leon. CP 64610','MONTERREY','Av Zapopan 4868','Dellow','FOTOS DELLOW','Axelia','FOTOS AXELIA'),
(36,'SILLONES','0',14,'Calle Zapopan #4868, Local 11, Colonia Cumbres 3 Sector, Monterrey, Nuevo Leon. CP 64610','MONTERREY','Av Zapopan 4868','Dellow','FOTOS DELLOW','Axelia','FOTOS AXELIA'),
(37,'MESA  DE CENTRO','0',14,'Calle Zapopan #4868, Local 11, Colonia Cumbres 3 Sector, Monterrey, Nuevo Leon. CP 64610','MONTERREY','Av Zapopan 4868','Dellow','FOTOS DELLOW','Axelia','FOTOS AXELIA'),
(38,'CAJONERAS','0',14,'Calle Zapopan #4868, Local 11, Colonia Cumbres 3 Sector, Monterrey, Nuevo Leon. CP 64610','MONTERREY','Av Zapopan 4868','Dellow','FOTOS DELLOW','Axelia','FOTOS AXELIA'),
(39,'ESTANTES','2',14,'Calle Zapopan #4868, Local 11, Colonia Cumbres 3 Sector, Monterrey, Nuevo Leon. CP 64610','MONTERREY','Av Zapopan 4868','Dellow','FOTOS DELLOW','Axelia','FOTOS AXELIA'),
(40,'COMPUTADORA','1',14,'Calle Zapopan #4868, Local 11, Colonia Cumbres 3 Sector, Monterrey, Nuevo Leon. CP 64610','MONTERREY','Av Zapopan 4868','Dellow','FOTOS DELLOW','Axelia','FOTOS AXELIA'),
(41,'IMPRESORA','0',14,'Calle Zapopan #4868, Local 11, Colonia Cumbres 3 Sector, Monterrey, Nuevo Leon. CP 64610','MONTERREY','Av Zapopan 4868','Dellow','FOTOS DELLOW','Axelia','FOTOS AXELIA'),
(42,'TELEVISIÓN','0',14,'Calle Zapopan #4868, Local 11, Colonia Cumbres 3 Sector, Monterrey, Nuevo Leon. CP 64610','MONTERREY','Av Zapopan 4868','Dellow','FOTOS DELLOW','Axelia','FOTOS AXELIA'),
(43,'DISPENSADOR DE AGUA','0',14,'Calle Zapopan #4868, Local 11, Colonia Cumbres 3 Sector, Monterrey, Nuevo Leon. CP 64610','MONTERREY','Av Zapopan 4868','Dellow','FOTOS DELLOW','Axelia','FOTOS AXELIA'),
(44,'VENTILADOR','0',14,'Calle Zapopan #4868, Local 11, Colonia Cumbres 3 Sector, Monterrey, Nuevo Leon. CP 64610','MONTERREY','Av Zapopan 4868','Dellow','FOTOS DELLOW','Axelia','FOTOS AXELIA'),
(45,'BANCO','0',14,'Calle Zapopan #4868, Local 11, Colonia Cumbres 3 Sector, Monterrey, Nuevo Leon. CP 64610','MONTERREY','Av Zapopan 4868','Dellow','FOTOS DELLOW','Axelia','FOTOS AXELIA'),
(46,'CALENTADOR','0',14,'Calle Zapopan #4868, Local 11, Colonia Cumbres 3 Sector, Monterrey, Nuevo Leon. CP 64610','MONTERREY','Av Zapopan 4868','Dellow','FOTOS DELLOW','Axelia','FOTOS AXELIA'),
(47,'ESCRITORIOS','2',14,'Calle Zapopan #4868, Local 13, Colonia Cumbres 3 Sector, Monterrey, Nuevo Leon. CP 64610','MONTERREY','Av Zapopan 4868','Fortex','FOTOS FORTEX','Proscar','FOTOS PROSCAR'),
(48,'SILLAS DE ESCRITORIOS','6',14,'Calle Zapopan #4868, Local 13, Colonia Cumbres 3 Sector, Monterrey, Nuevo Leon. CP 64610','MONTERREY','Av Zapopan 4868','Fortex','FOTOS FORTEX','Proscar','FOTOS PROSCAR'),
(49,'SILLAS ','1',14,'Calle Zapopan #4868, Local 13, Colonia Cumbres 3 Sector, Monterrey, Nuevo Leon. CP 64610','MONTERREY','Av Zapopan 4868','Fortex','FOTOS FORTEX','Proscar','FOTOS PROSCAR'),
(50,'MESA (ESCRITORIO)','1',14,'Calle Zapopan #4868, Local 13, Colonia Cumbres 3 Sector, Monterrey, Nuevo Leon. CP 64610','MONTERREY','Av Zapopan 4868','Fortex','FOTOS FORTEX','Proscar','FOTOS PROSCAR'),
(51,'SILLONES','0',14,'Calle Zapopan #4868, Local 13, Colonia Cumbres 3 Sector, Monterrey, Nuevo Leon. CP 64610','MONTERREY','Av Zapopan 4868','Fortex','FOTOS FORTEX','Proscar','FOTOS PROSCAR'),
(52,'MESA  DE CENTRO','0',14,'Calle Zapopan #4868, Local 13, Colonia Cumbres 3 Sector, Monterrey, Nuevo Leon. CP 64610','MONTERREY','Av Zapopan 4868','Fortex','FOTOS FORTEX','Proscar','FOTOS PROSCAR'),
(53,'CAJONERAS','0',14,'Calle Zapopan #4868, Local 13, Colonia Cumbres 3 Sector, Monterrey, Nuevo Leon. CP 64610','MONTERREY','Av Zapopan 4868','Fortex','FOTOS FORTEX','Proscar','FOTOS PROSCAR'),
(54,'ESTANTES','3',14,'Calle Zapopan #4868, Local 13, Colonia Cumbres 3 Sector, Monterrey, Nuevo Leon. CP 64610','MONTERREY','Av Zapopan 4868','Fortex','FOTOS FORTEX','Proscar','FOTOS PROSCAR'),
(55,'COMPUTADORA','1',14,'Calle Zapopan #4868, Local 13, Colonia Cumbres 3 Sector, Monterrey, Nuevo Leon. CP 64610','MONTERREY','Av Zapopan 4868','Fortex','FOTOS FORTEX','Proscar','FOTOS PROSCAR'),
(56,'IMPRESORA','1',14,'Calle Zapopan #4868, Local 13, Colonia Cumbres 3 Sector, Monterrey, Nuevo Leon. CP 64610','MONTERREY','Av Zapopan 4868','Fortex','FOTOS FORTEX','Proscar','FOTOS PROSCAR'),
(57,'TELEVISIÓN','0',14,'Calle Zapopan #4868, Local 13, Colonia Cumbres 3 Sector, Monterrey, Nuevo Leon. CP 64610','MONTERREY','Av Zapopan 4868','Fortex','FOTOS FORTEX','Proscar','FOTOS PROSCAR'),
(58,'DISPENSADOR DE AGUA','0',14,'Calle Zapopan #4868, Local 13, Colonia Cumbres 3 Sector, Monterrey, Nuevo Leon. CP 64610','MONTERREY','Av Zapopan 4868','Fortex','FOTOS FORTEX','Proscar','FOTOS PROSCAR'),
(59,'VENTILADOR','0',14,'Calle Zapopan #4868, Local 13, Colonia Cumbres 3 Sector, Monterrey, Nuevo Leon. CP 64610','MONTERREY','Av Zapopan 4868','Fortex','FOTOS FORTEX','Proscar','FOTOS PROSCAR'),
(60,'BANCO','0',14,'Calle Zapopan #4868, Local 13, Colonia Cumbres 3 Sector, Monterrey, Nuevo Leon. CP 64610','MONTERREY','Av Zapopan 4868','Fortex','FOTOS FORTEX','Proscar','FOTOS PROSCAR'),
(61,'CALENTADOR','0',14,'Calle Zapopan #4868, Local 13, Colonia Cumbres 3 Sector, Monterrey, Nuevo Leon. CP 64610','MONTERREY','Av Zapopan 4868','Fortex','FOTOS FORTEX','Proscar','FOTOS PROSCAR'),
(62,'ESCRITORIOS','2',14,'Calle Manuel Gómez de Castro No. 102, Colonia Burócratas del Estado, Monterrey N.L. Cp. 64380','MONTERREY','Manuel Gómez de Castro 102','Interprex','FOTOS INTERPREX','Bereth','FOTOS BERETH'),
(63,'SILLAS DE ESCRITORIOS','2',14,'Calle Manuel Gómez de Castro No. 102, Colonia Burócratas del Estado, Monterrey N.L. Cp. 64380','MONTERREY','Manuel Gómez de Castro 102','Interprex','FOTOS INTERPREX','Bereth','FOTOS BERETH'),
(64,'SILLAS ','0',14,'Calle Manuel Gómez de Castro No. 102, Colonia Burócratas del Estado, Monterrey N.L. Cp. 64380','MONTERREY','Manuel Gómez de Castro 102','Interprex','FOTOS INTERPREX','Bereth','FOTOS BERETH'),
(65,'MESA (ESCRITORIO)','1',14,'Calle Manuel Gómez de Castro No. 102, Colonia Burócratas del Estado, Monterrey N.L. Cp. 64380','MONTERREY','Manuel Gómez de Castro 102','Interprex','FOTOS INTERPREX','Bereth','FOTOS BERETH'),
(66,'SILLONES','0',14,'Calle Manuel Gómez de Castro No. 102, Colonia Burócratas del Estado, Monterrey N.L. Cp. 64380','MONTERREY','Manuel Gómez de Castro 102','Interprex','FOTOS INTERPREX','Bereth','FOTOS BERETH'),
(67,'MESA  DE CENTRO','0',14,'Calle Manuel Gómez de Castro No. 102, Colonia Burócratas del Estado, Monterrey N.L. Cp. 64380','MONTERREY','Manuel Gómez de Castro 102','Interprex','FOTOS INTERPREX','Bereth','FOTOS BERETH'),
(68,'CAJONERAS','0',14,'Calle Manuel Gómez de Castro No. 102, Colonia Burócratas del Estado, Monterrey N.L. Cp. 64380','MONTERREY','Manuel Gómez de Castro 102','Interprex','FOTOS INTERPREX','Bereth','FOTOS BERETH'),
(69,'ESTANTES','3',14,'Calle Manuel Gómez de Castro No. 102, Colonia Burócratas del Estado, Monterrey N.L. Cp. 64380','MONTERREY','Manuel Gómez de Castro 102','Interprex','FOTOS INTERPREX','Bereth','FOTOS BERETH'),
(70,'COMPUTADORA','1',14,'Calle Manuel Gómez de Castro No. 102, Colonia Burócratas del Estado, Monterrey N.L. Cp. 64380','MONTERREY','Manuel Gómez de Castro 102','Interprex','FOTOS INTERPREX','Bereth','FOTOS BERETH'),
(71,'IMPRESORA','1',14,'Calle Manuel Gómez de Castro No. 102, Colonia Burócratas del Estado, Monterrey N.L. Cp. 64380','MONTERREY','Manuel Gómez de Castro 102','Interprex','FOTOS INTERPREX','Bereth','FOTOS BERETH'),
(72,'TELEVISIÓN','0',14,'Calle Manuel Gómez de Castro No. 102, Colonia Burócratas del Estado, Monterrey N.L. Cp. 64380','MONTERREY','Manuel Gómez de Castro 102','Interprex','FOTOS INTERPREX','Bereth','FOTOS BERETH'),
(73,'DISPENSADOR DE AGUA','0',14,'Calle Manuel Gómez de Castro No. 102, Colonia Burócratas del Estado, Monterrey N.L. Cp. 64380','MONTERREY','Manuel Gómez de Castro 102','Interprex','FOTOS INTERPREX','Bereth','FOTOS BERETH'),
(74,'VENTILADOR','0',14,'Calle Manuel Gómez de Castro No. 102, Colonia Burócratas del Estado, Monterrey N.L. Cp. 64380','MONTERREY','Manuel Gómez de Castro 102','Interprex','FOTOS INTERPREX','Bereth','FOTOS BERETH'),
(75,'BANCO','0',14,'Calle Manuel Gómez de Castro No. 102, Colonia Burócratas del Estado, Monterrey N.L. Cp. 64380','MONTERREY','Manuel Gómez de Castro 102','Interprex','FOTOS INTERPREX','Bereth','FOTOS BERETH'),
(76,'CALENTADOR','0',14,'Calle Manuel Gómez de Castro No. 102, Colonia Burócratas del Estado, Monterrey N.L. Cp. 64380','MONTERREY','Manuel Gómez de Castro 102','Interprex','FOTOS INTERPREX','Bereth','FOTOS BERETH'),
(77,'ESCRITORIOS','1',14,'Calle Abraham Lincoln # 523, Interior A, Colonia Valle de Lincoln, García, Nuevo León. CP 66026','GARCIA','25° 47\' 25.2665\" N 100° 29\' 47.0616\" W','Tierra Fuerte','FOTOS TIERRA FUERTE','Rivas Inmobiliaria','FOTOS RIVAS'),
(78,'SILLAS DE ESCRITORIOS','2',14,'Calle Abraham Lincoln # 523, Interior A, Colonia Valle de Lincoln, García, Nuevo León. CP 66026','GARCIA','25° 47\' 25.2665\" N 100° 29\' 47.0616\" W','Tierra Fuerte','FOTOS TIERRA FUERTE','Rivas Inmobiliaria','FOTOS RIVAS'),
(79,'SILLAS ','2',14,'Calle Abraham Lincoln # 523, Interior A, Colonia Valle de Lincoln, García, Nuevo León. CP 66026','GARCIA','25° 47\' 25.2665\" N 100° 29\' 47.0616\" W','Tierra Fuerte','FOTOS TIERRA FUERTE','Rivas Inmobiliaria','FOTOS RIVAS'),
(80,'MESA (ESCRITORIO)','1',14,'Calle Abraham Lincoln # 523, Interior A, Colonia Valle de Lincoln, García, Nuevo León. CP 66026','GARCIA','25° 47\' 25.2665\" N 100° 29\' 47.0616\" W','Tierra Fuerte','FOTOS TIERRA FUERTE','Rivas Inmobiliaria','FOTOS RIVAS'),
(81,'SILLONES','0',14,'Calle Abraham Lincoln # 523, Interior A, Colonia Valle de Lincoln, García, Nuevo León. CP 66026','GARCIA','25° 47\' 25.2665\" N 100° 29\' 47.0616\" W','Tierra Fuerte','FOTOS TIERRA FUERTE','Rivas Inmobiliaria','FOTOS RIVAS'),
(82,'MESA  DE CENTRO','0',14,'Calle Abraham Lincoln # 523, Interior A, Colonia Valle de Lincoln, García, Nuevo León. CP 66026','GARCIA','25° 47\' 25.2665\" N 100° 29\' 47.0616\" W','Tierra Fuerte','FOTOS TIERRA FUERTE','Rivas Inmobiliaria','FOTOS RIVAS'),
(83,'CAJONERAS','2',14,'Calle Abraham Lincoln # 523, Interior A, Colonia Valle de Lincoln, García, Nuevo León. CP 66026','GARCIA','25° 47\' 25.2665\" N 100° 29\' 47.0616\" W','Tierra Fuerte','FOTOS TIERRA FUERTE','Rivas Inmobiliaria','FOTOS RIVAS'),
(84,'ESTANTES','2',14,'Calle Abraham Lincoln # 523, Interior A, Colonia Valle de Lincoln, García, Nuevo León. CP 66026','GARCIA','25° 47\' 25.2665\" N 100° 29\' 47.0616\" W','Tierra Fuerte','FOTOS TIERRA FUERTE','Rivas Inmobiliaria','FOTOS RIVAS'),
(85,'COMPUTADORA','0',14,'Calle Abraham Lincoln # 523, Interior A, Colonia Valle de Lincoln, García, Nuevo León. CP 66026','GARCIA','25° 47\' 25.2665\" N 100° 29\' 47.0616\" W','Tierra Fuerte','FOTOS TIERRA FUERTE','Rivas Inmobiliaria','FOTOS RIVAS'),
(86,'IMPRESORA','0',14,'Calle Abraham Lincoln # 523, Interior A, Colonia Valle de Lincoln, García, Nuevo León. CP 66026','GARCIA','25° 47\' 25.2665\" N 100° 29\' 47.0616\" W','Tierra Fuerte','FOTOS TIERRA FUERTE','Rivas Inmobiliaria','FOTOS RIVAS'),
(87,'TELEVISIÓN','0',14,'Calle Abraham Lincoln # 523, Interior A, Colonia Valle de Lincoln, García, Nuevo León. CP 66026','GARCIA','25° 47\' 25.2665\" N 100° 29\' 47.0616\" W','Tierra Fuerte','FOTOS TIERRA FUERTE','Rivas Inmobiliaria','FOTOS RIVAS'),
(88,'DISPENSADOR DE AGUA','0',14,'Calle Abraham Lincoln # 523, Interior A, Colonia Valle de Lincoln, García, Nuevo León. CP 66026','GARCIA','25° 47\' 25.2665\" N 100° 29\' 47.0616\" W','Tierra Fuerte','FOTOS TIERRA FUERTE','Rivas Inmobiliaria','FOTOS RIVAS'),
(89,'VENTILADOR','0',14,'Calle Abraham Lincoln # 523, Interior A, Colonia Valle de Lincoln, García, Nuevo León. CP 66026','GARCIA','25° 47\' 25.2665\" N 100° 29\' 47.0616\" W','Tierra Fuerte','FOTOS TIERRA FUERTE','Rivas Inmobiliaria','FOTOS RIVAS'),
(90,'BANCO','0',14,'Calle Abraham Lincoln # 523, Interior A, Colonia Valle de Lincoln, García, Nuevo León. CP 66026','GARCIA','25° 47\' 25.2665\" N 100° 29\' 47.0616\" W','Tierra Fuerte','FOTOS TIERRA FUERTE','Rivas Inmobiliaria','FOTOS RIVAS'),
(91,'CALENTADOR','0',14,'Calle Abraham Lincoln # 523, Interior A, Colonia Valle de Lincoln, García, Nuevo León. CP 66026','GARCIA','25° 47\' 25.2665\" N 100° 29\' 47.0616\" W','Tierra Fuerte','FOTOS TIERRA FUERTE','Rivas Inmobiliaria','FOTOS RIVAS'),
(92,'ESCRITORIOS','0',14,'Calle Abraham Lincoln # 523, Interior B Colonia Valle de Lincoln, García, Nuevo León. CP 66026','GARCIA','25° 47\' 25.2665\" N 100° 29\' 47.0616\" W','Gobbi','FOTOS GOBBI','Xeno','FOTOS XENO'),
(93,'SILLAS DE ESCRITORIOS','4',14,'Calle Abraham Lincoln # 523, Interior B Colonia Valle de Lincoln, García, Nuevo León. CP 66026','GARCIA','25° 47\' 25.2665\" N 100° 29\' 47.0616\" W','Gobbi','FOTOS GOBBI','Xeno','FOTOS XENO'),
(94,'SILLAS ','2',14,'Calle Abraham Lincoln # 523, Interior B Colonia Valle de Lincoln, García, Nuevo León. CP 66026','GARCIA','25° 47\' 25.2665\" N 100° 29\' 47.0616\" W','Gobbi','FOTOS GOBBI','Xeno','FOTOS XENO'),
(95,'MESA (ESCRITORIO)','0',14,'Calle Abraham Lincoln # 523, Interior B Colonia Valle de Lincoln, García, Nuevo León. CP 66026','GARCIA','25° 47\' 25.2665\" N 100° 29\' 47.0616\" W','Gobbi','FOTOS GOBBI','Xeno','FOTOS XENO'),
(96,'SILLONES','0',14,'Calle Abraham Lincoln # 523, Interior B Colonia Valle de Lincoln, García, Nuevo León. CP 66026','GARCIA','25° 47\' 25.2665\" N 100° 29\' 47.0616\" W','Gobbi','FOTOS GOBBI','Xeno','FOTOS XENO'),
(97,'MESA  DE CENTRO','0',14,'Calle Abraham Lincoln # 523, Interior B Colonia Valle de Lincoln, García, Nuevo León. CP 66026','GARCIA','25° 47\' 25.2665\" N 100° 29\' 47.0616\" W','Gobbi','FOTOS GOBBI','Xeno','FOTOS XENO'),
(98,'CAJONERAS','0',14,'Calle Abraham Lincoln # 523, Interior B Colonia Valle de Lincoln, García, Nuevo León. CP 66026','GARCIA','25° 47\' 25.2665\" N 100° 29\' 47.0616\" W','Gobbi','FOTOS GOBBI','Xeno','FOTOS XENO'),
(99,'ESTANTES','5',14,'Calle Abraham Lincoln # 523, Interior B Colonia Valle de Lincoln, García, Nuevo León. CP 66026','GARCIA','25° 47\' 25.2665\" N 100° 29\' 47.0616\" W','Gobbi','FOTOS GOBBI','Xeno','FOTOS XENO'),
(100,'COMPUTADORA','0',14,'Calle Abraham Lincoln # 523, Interior B Colonia Valle de Lincoln, García, Nuevo León. CP 66026','GARCIA','25° 47\' 25.2665\" N 100° 29\' 47.0616\" W','Gobbi','FOTOS GOBBI','Xeno','FOTOS XENO'),
(101,'IMPRESORA','0',14,'Calle Abraham Lincoln # 523, Interior B Colonia Valle de Lincoln, García, Nuevo León. CP 66026','GARCIA','25° 47\' 25.2665\" N 100° 29\' 47.0616\" W','Gobbi','FOTOS GOBBI','Xeno','FOTOS XENO'),
(102,'TELEVISIÓN','0',14,'Calle Abraham Lincoln # 523, Interior B Colonia Valle de Lincoln, García, Nuevo León. CP 66026','GARCIA','25° 47\' 25.2665\" N 100° 29\' 47.0616\" W','Gobbi','FOTOS GOBBI','Xeno','FOTOS XENO'),
(103,'DISPENSADOR DE AGUA','0',14,'Calle Abraham Lincoln # 523, Interior B Colonia Valle de Lincoln, García, Nuevo León. CP 66026','GARCIA','25° 47\' 25.2665\" N 100° 29\' 47.0616\" W','Gobbi','FOTOS GOBBI','Xeno','FOTOS XENO'),
(104,'VENTILADOR','0',14,'Calle Abraham Lincoln # 523, Interior B Colonia Valle de Lincoln, García, Nuevo León. CP 66026','GARCIA','25° 47\' 25.2665\" N 100° 29\' 47.0616\" W','Gobbi','FOTOS GOBBI','Xeno','FOTOS XENO'),
(105,'BANCO','0',14,'Calle Abraham Lincoln # 523, Interior B Colonia Valle de Lincoln, García, Nuevo León. CP 66026','GARCIA','25° 47\' 25.2665\" N 100° 29\' 47.0616\" W','Gobbi','FOTOS GOBBI','Xeno','FOTOS XENO'),
(106,'CALENTADOR','0',14,'Calle Abraham Lincoln # 523, Interior B Colonia Valle de Lincoln, García, Nuevo León. CP 66026','GARCIA','25° 47\' 25.2665\" N 100° 29\' 47.0616\" W','Gobbi','FOTOS GOBBI','Xeno','FOTOS XENO'),
(107,'ESCRITORIOS','2',14,'Av. Las Palmas # 4990 A, Colonia Villa Dorada, Monterrey Nuevo León. CP 64360','MONTERREY','Calle Av Las Palmas 4990','Profix','FOTOS PROFIX','Ferrecsa','FOTOS FERRECSA'),
(108,'SILLAS DE ESCRITORIOS','2',14,'Av. Las Palmas # 4990 A, Colonia Villa Dorada, Monterrey Nuevo León. CP 64360','MONTERREY','Calle Av Las Palmas 4990','Profix','FOTOS PROFIX','Ferrecsa','FOTOS FERRECSA'),
(109,'SILLAS ','2',14,'Av. Las Palmas # 4990 A, Colonia Villa Dorada, Monterrey Nuevo León. CP 64360','MONTERREY','Calle Av Las Palmas 4990','Profix','FOTOS PROFIX','Ferrecsa','FOTOS FERRECSA'),
(110,'MESA (ESCRITORIO)','0',14,'Av. Las Palmas # 4990 A, Colonia Villa Dorada, Monterrey Nuevo León. CP 64360','MONTERREY','Calle Av Las Palmas 4990','Profix','FOTOS PROFIX','Ferrecsa','FOTOS FERRECSA'),
(111,'SILLONES','0',14,'Av. Las Palmas # 4990 A, Colonia Villa Dorada, Monterrey Nuevo León. CP 64360','MONTERREY','Calle Av Las Palmas 4990','Profix','FOTOS PROFIX','Ferrecsa','FOTOS FERRECSA'),
(112,'MESA  DE CENTRO','0',14,'Av. Las Palmas # 4990 A, Colonia Villa Dorada, Monterrey Nuevo León. CP 64360','MONTERREY','Calle Av Las Palmas 4990','Profix','FOTOS PROFIX','Ferrecsa','FOTOS FERRECSA'),
(113,'CAJONERAS','0',14,'Av. Las Palmas # 4990 A, Colonia Villa Dorada, Monterrey Nuevo León. CP 64360','MONTERREY','Calle Av Las Palmas 4990','Profix','FOTOS PROFIX','Ferrecsa','FOTOS FERRECSA'),
(114,'ESTANTES','1',14,'Av. Las Palmas # 4990 A, Colonia Villa Dorada, Monterrey Nuevo León. CP 64360','MONTERREY','Calle Av Las Palmas 4990','Profix','FOTOS PROFIX','Ferrecsa','FOTOS FERRECSA'),
(115,'COMPUTADORA','0',14,'Av. Las Palmas # 4990 A, Colonia Villa Dorada, Monterrey Nuevo León. CP 64360','MONTERREY','Calle Av Las Palmas 4990','Profix','FOTOS PROFIX','Ferrecsa','FOTOS FERRECSA'),
(116,'IMPRESORA','0',14,'Av. Las Palmas # 4990 A, Colonia Villa Dorada, Monterrey Nuevo León. CP 64360','MONTERREY','Calle Av Las Palmas 4990','Profix','FOTOS PROFIX','Ferrecsa','FOTOS FERRECSA'),
(117,'TELEVISIÓN','0',14,'Av. Las Palmas # 4990 A, Colonia Villa Dorada, Monterrey Nuevo León. CP 64360','MONTERREY','Calle Av Las Palmas 4990','Profix','FOTOS PROFIX','Ferrecsa','FOTOS FERRECSA'),
(118,'DISPENSADOR DE AGUA','0',14,'Av. Las Palmas # 4990 A, Colonia Villa Dorada, Monterrey Nuevo León. CP 64360','MONTERREY','Calle Av Las Palmas 4990','Profix','FOTOS PROFIX','Ferrecsa','FOTOS FERRECSA'),
(119,'VENTILADOR','0',14,'Av. Las Palmas # 4990 A, Colonia Villa Dorada, Monterrey Nuevo León. CP 64360','MONTERREY','Calle Av Las Palmas 4990','Profix','FOTOS PROFIX','Ferrecsa','FOTOS FERRECSA'),
(120,'BANCO','0',14,'Av. Las Palmas # 4990 A, Colonia Villa Dorada, Monterrey Nuevo León. CP 64360','MONTERREY','Calle Av Las Palmas 4990','Profix','FOTOS PROFIX','Ferrecsa','FOTOS FERRECSA'),
(121,'CALENTADOR','0',14,'Av. Las Palmas # 4990 A, Colonia Villa Dorada, Monterrey Nuevo León. CP 64360','MONTERREY','Calle Av Las Palmas 4990','Profix','FOTOS PROFIX','Ferrecsa','FOTOS FERRECSA'),
(122,'ESCRITORIOS','2',14,'Av. Paseo De Los Leones 2278 Int 6, Col. Las Cumbres 2 Sector,  Monterrey, Nuevo Leon, C.P.64610','MONTERREY','Paseo de los Leones 2278','Algatica','FOTOS ALGATICA','Montred','FOTOS MONTRED'),
(123,'SILLAS DE ESCRITORIOS','2',14,'Av. Paseo De Los Leones 2278 Int 6, Col. Las Cumbres 2 Sector,  Monterrey, Nuevo Leon, C.P.64610','MONTERREY','Paseo de los Leones 2278','Algatica','FOTOS ALGATICA','Montred','FOTOS MONTRED'),
(124,'SILLAS ','2',14,'Av. Paseo De Los Leones 2278 Int 6, Col. Las Cumbres 2 Sector,  Monterrey, Nuevo Leon, C.P.64610','MONTERREY','Paseo de los Leones 2278','Algatica','FOTOS ALGATICA','Montred','FOTOS MONTRED'),
(125,'MESA (ESCRITORIO)','0',14,'Av. Paseo De Los Leones 2278 Int 6, Col. Las Cumbres 2 Sector,  Monterrey, Nuevo Leon, C.P.64610','MONTERREY','Paseo de los Leones 2278','Algatica','FOTOS ALGATICA','Montred','FOTOS MONTRED'),
(126,'SILLONES','0',14,'Av. Paseo De Los Leones 2278 Int 6, Col. Las Cumbres 2 Sector,  Monterrey, Nuevo Leon, C.P.64610','MONTERREY','Paseo de los Leones 2278','Algatica','FOTOS ALGATICA','Montred','FOTOS MONTRED'),
(127,'MESA  DE CENTRO','0',14,'Av. Paseo De Los Leones 2278 Int 6, Col. Las Cumbres 2 Sector,  Monterrey, Nuevo Leon, C.P.64610','MONTERREY','Paseo de los Leones 2278','Algatica','FOTOS ALGATICA','Montred','FOTOS MONTRED'),
(128,'CAJONERAS','0',14,'Av. Paseo De Los Leones 2278 Int 6, Col. Las Cumbres 2 Sector,  Monterrey, Nuevo Leon, C.P.64610','MONTERREY','Paseo de los Leones 2278','Algatica','FOTOS ALGATICA','Montred','FOTOS MONTRED'),
(129,'ESTANTES','1',14,'Av. Paseo De Los Leones 2278 Int 6, Col. Las Cumbres 2 Sector,  Monterrey, Nuevo Leon, C.P.64610','MONTERREY','Paseo de los Leones 2278','Algatica','FOTOS ALGATICA','Montred','FOTOS MONTRED'),
(130,'COMPUTADORA','0',14,'Av. Paseo De Los Leones 2278 Int 6, Col. Las Cumbres 2 Sector,  Monterrey, Nuevo Leon, C.P.64610','MONTERREY','Paseo de los Leones 2278','Algatica','FOTOS ALGATICA','Montred','FOTOS MONTRED'),
(131,'IMPRESORA','0',14,'Av. Paseo De Los Leones 2278 Int 6, Col. Las Cumbres 2 Sector,  Monterrey, Nuevo Leon, C.P.64610','MONTERREY','Paseo de los Leones 2278','Algatica','FOTOS ALGATICA','Montred','FOTOS MONTRED'),
(132,'TELEVISIÓN','0',14,'Av. Paseo De Los Leones 2278 Int 6, Col. Las Cumbres 2 Sector,  Monterrey, Nuevo Leon, C.P.64610','MONTERREY','Paseo de los Leones 2278','Algatica','FOTOS ALGATICA','Montred','FOTOS MONTRED'),
(133,'DISPENSADOR DE AGUA','0',14,'Av. Paseo De Los Leones 2278 Int 6, Col. Las Cumbres 2 Sector,  Monterrey, Nuevo Leon, C.P.64610','MONTERREY','Paseo de los Leones 2278','Algatica','FOTOS ALGATICA','Montred','FOTOS MONTRED'),
(134,'VENTILADOR','0',14,'Av. Paseo De Los Leones 2278 Int 6, Col. Las Cumbres 2 Sector,  Monterrey, Nuevo Leon, C.P.64610','MONTERREY','Paseo de los Leones 2278','Algatica','FOTOS ALGATICA','Montred','FOTOS MONTRED'),
(135,'BANCO','0',14,'Av. Paseo De Los Leones 2278 Int 6, Col. Las Cumbres 2 Sector,  Monterrey, Nuevo Leon, C.P.64610','MONTERREY','Paseo de los Leones 2278','Algatica','FOTOS ALGATICA','Montred','FOTOS MONTRED'),
(136,'CALENTADOR','0',14,'Av. Paseo De Los Leones 2278 Int 6, Col. Las Cumbres 2 Sector,  Monterrey, Nuevo Leon, C.P.64610','MONTERREY','Paseo de los Leones 2278','Algatica','FOTOS ALGATICA','Montred','FOTOS MONTRED'),
(137,'ESCRITORIOS','2',14,'Calle Real de Palmas # 521 Valle de Lincoln, García, N.L.  C.P. 66026','GARCIA','Real de Palmas 521','Vessel','FOTOS VESSEL','TFG','FOTOS TFG'),
(138,'SILLAS DE ESCRITORIOS','4',14,'Calle Real de Palmas # 521 Valle de Lincoln, García, N.L.  C.P. 66026','GARCIA','Real de Palmas 521','Vessel','FOTOS VESSEL','TFG','FOTOS TFG'),
(139,'SILLAS ','1',14,'Calle Real de Palmas # 521 Valle de Lincoln, García, N.L.  C.P. 66026','GARCIA','Real de Palmas 521','Vessel','FOTOS VESSEL','TFG','FOTOS TFG'),
(140,'MESA (ESCRITORIO)','0',14,'Calle Real de Palmas # 521 Valle de Lincoln, García, N.L.  C.P. 66026','GARCIA','Real de Palmas 521','Vessel','FOTOS VESSEL','TFG','FOTOS TFG'),
(141,'SILLONES','1',14,'Calle Real de Palmas # 521 Valle de Lincoln, García, N.L.  C.P. 66026','GARCIA','Real de Palmas 521','Vessel','FOTOS VESSEL','TFG','FOTOS TFG'),
(142,'MESA  DE CENTRO','0',14,'Calle Real de Palmas # 521 Valle de Lincoln, García, N.L.  C.P. 66026','GARCIA','Real de Palmas 521','Vessel','FOTOS VESSEL','TFG','FOTOS TFG'),
(143,'CAJONERAS','0',14,'Calle Real de Palmas # 521 Valle de Lincoln, García, N.L.  C.P. 66026','GARCIA','Real de Palmas 521','Vessel','FOTOS VESSEL','TFG','FOTOS TFG'),
(144,'ESTANTES','2',14,'Calle Real de Palmas # 521 Valle de Lincoln, García, N.L.  C.P. 66026','GARCIA','Real de Palmas 521','Vessel','FOTOS VESSEL','TFG','FOTOS TFG'),
(145,'COMPUTADORA','0',14,'Calle Real de Palmas # 521 Valle de Lincoln, García, N.L.  C.P. 66026','GARCIA','Real de Palmas 521','Vessel','FOTOS VESSEL','TFG','FOTOS TFG'),
(146,'IMPRESORA','0',14,'Calle Real de Palmas # 521 Valle de Lincoln, García, N.L.  C.P. 66026','GARCIA','Real de Palmas 521','Vessel','FOTOS VESSEL','TFG','FOTOS TFG'),
(147,'TELEVISIÓN','0',14,'Calle Real de Palmas # 521 Valle de Lincoln, García, N.L.  C.P. 66026','GARCIA','Real de Palmas 521','Vessel','FOTOS VESSEL','TFG','FOTOS TFG'),
(148,'DISPENSADOR DE AGUA','0',14,'Calle Real de Palmas # 521 Valle de Lincoln, García, N.L.  C.P. 66026','GARCIA','Real de Palmas 521','Vessel','FOTOS VESSEL','TFG','FOTOS TFG'),
(149,'VENTILADOR','0',14,'Calle Real de Palmas # 521 Valle de Lincoln, García, N.L.  C.P. 66026','GARCIA','Real de Palmas 521','Vessel','FOTOS VESSEL','TFG','FOTOS TFG'),
(150,'BANCO','0',14,'Calle Real de Palmas # 521 Valle de Lincoln, García, N.L.  C.P. 66026','GARCIA','Real de Palmas 521','Vessel','FOTOS VESSEL','TFG','FOTOS TFG'),
(151,'CALENTADOR','0',14,'Calle Real de Palmas # 521 Valle de Lincoln, García, N.L.  C.P. 66026','GARCIA','Real de Palmas 521','Vessel','FOTOS VESSEL','TFG','FOTOS TFG'),
(152,'ESCRITORIOS','2',14,'Calle Rincon de las Pedreras # 334 C, Colonia Rincon del Poniente, Santa Catarina Nuevo León. CP 66368','SANTA CATARINA','Rincón de Las Pedreras 334','Alfstar','FOTOS ALFSTAR','Quanttic ','FOTOS QUANTTIC'),
(153,'SILLAS DE ESCRITORIOS','2',14,'Calle Rincon de las Pedreras # 334 C, Colonia Rincon del Poniente, Santa Catarina Nuevo León. CP 66368','SANTA CATARINA','Rincón de Las Pedreras 334','Alfstar','FOTOS ALFSTAR','Quanttic ','FOTOS QUANTTIC'),
(154,'SILLAS ','2',14,'Calle Rincon de las Pedreras # 334 C, Colonia Rincon del Poniente, Santa Catarina Nuevo León. CP 66368','SANTA CATARINA','Rincón de Las Pedreras 334','Alfstar','FOTOS ALFSTAR','Quanttic ','FOTOS QUANTTIC'),
(155,'MESA (ESCRITORIO)','0',14,'Calle Rincon de las Pedreras # 334 C, Colonia Rincon del Poniente, Santa Catarina Nuevo León. CP 66368','SANTA CATARINA','Rincón de Las Pedreras 334','Alfstar','FOTOS ALFSTAR','Quanttic ','FOTOS QUANTTIC'),
(156,'SILLONES','1',14,'Calle Rincon de las Pedreras # 334 C, Colonia Rincon del Poniente, Santa Catarina Nuevo León. CP 66368','SANTA CATARINA','Rincón de Las Pedreras 334','Alfstar','FOTOS ALFSTAR','Quanttic ','FOTOS QUANTTIC'),
(157,'MESA  DE CENTRO','0',14,'Calle Rincon de las Pedreras # 334 C, Colonia Rincon del Poniente, Santa Catarina Nuevo León. CP 66368','SANTA CATARINA','Rincón de Las Pedreras 334','Alfstar','FOTOS ALFSTAR','Quanttic ','FOTOS QUANTTIC'),
(158,'CAJONERAS','0',14,'Calle Rincon de las Pedreras # 334 C, Colonia Rincon del Poniente, Santa Catarina Nuevo León. CP 66368','SANTA CATARINA','Rincón de Las Pedreras 334','Alfstar','FOTOS ALFSTAR','Quanttic ','FOTOS QUANTTIC'),
(159,'ESTANTES','3',14,'Calle Rincon de las Pedreras # 334 C, Colonia Rincon del Poniente, Santa Catarina Nuevo León. CP 66368','SANTA CATARINA','Rincón de Las Pedreras 334','Alfstar','FOTOS ALFSTAR','Quanttic ','FOTOS QUANTTIC'),
(160,'COMPUTADORA','1',14,'Calle Rincon de las Pedreras # 334 C, Colonia Rincon del Poniente, Santa Catarina Nuevo León. CP 66368','SANTA CATARINA','Rincón de Las Pedreras 334','Alfstar','FOTOS ALFSTAR','Quanttic ','FOTOS QUANTTIC'),
(161,'IMPRESORA','1',14,'Calle Rincon de las Pedreras # 334 C, Colonia Rincon del Poniente, Santa Catarina Nuevo León. CP 66368','SANTA CATARINA','Rincón de Las Pedreras 334','Alfstar','FOTOS ALFSTAR','Quanttic ','FOTOS QUANTTIC'),
(162,'TELEVISIÓN','0',14,'Calle Rincon de las Pedreras # 334 C, Colonia Rincon del Poniente, Santa Catarina Nuevo León. CP 66368','SANTA CATARINA','Rincón de Las Pedreras 334','Alfstar','FOTOS ALFSTAR','Quanttic ','FOTOS QUANTTIC'),
(163,'DISPENSADOR DE AGUA','0',14,'Calle Rincon de las Pedreras # 334 C, Colonia Rincon del Poniente, Santa Catarina Nuevo León. CP 66368','SANTA CATARINA','Rincón de Las Pedreras 334','Alfstar','FOTOS ALFSTAR','Quanttic ','FOTOS QUANTTIC'),
(164,'VENTILADOR','0',14,'Calle Rincon de las Pedreras # 334 C, Colonia Rincon del Poniente, Santa Catarina Nuevo León. CP 66368','SANTA CATARINA','Rincón de Las Pedreras 334','Alfstar','FOTOS ALFSTAR','Quanttic ','FOTOS QUANTTIC'),
(165,'BANCO','0',14,'Calle Rincon de las Pedreras # 334 C, Colonia Rincon del Poniente, Santa Catarina Nuevo León. CP 66368','SANTA CATARINA','Rincón de Las Pedreras 334','Alfstar','FOTOS ALFSTAR','Quanttic ','FOTOS QUANTTIC'),
(166,'CALENTADOR','0',14,'Calle Rincon de las Pedreras # 334 C, Colonia Rincon del Poniente, Santa Catarina Nuevo León. CP 66368','SANTA CATARINA','Rincón de Las Pedreras 334','Alfstar','FOTOS ALFSTAR','Quanttic ','FOTOS QUANTTIC'),
(167,'ESCRITORIOS','2',14,'Calle Sierra de Picachos # 500 C, Colonia Robles de Santa Catarina, Santa Catarina Nuevo León. CP 66359','SANTA CATARINA','25° 40\' 55.6684\" N 100° 29\' 47.9429\" W','Allfood','FOTOS ALLFOOD','Madacsa','FOTOS MADACSA'),
(168,'SILLAS DE ESCRITORIOS','2',14,'Calle Sierra de Picachos # 500 C, Colonia Robles de Santa Catarina, Santa Catarina Nuevo León. CP 66359','SANTA CATARINA','25° 40\' 55.6684\" N 100° 29\' 47.9429\" W','Allfood','FOTOS ALLFOOD','Madacsa','FOTOS MADACSA'),
(169,'SILLAS ','2',14,'Calle Sierra de Picachos # 500 C, Colonia Robles de Santa Catarina, Santa Catarina Nuevo León. CP 66359','SANTA CATARINA','25° 40\' 55.6684\" N 100° 29\' 47.9429\" W','Allfood','FOTOS ALLFOOD','Madacsa','FOTOS MADACSA'),
(170,'MESA (ESCRITORIO)','0',14,'Calle Sierra de Picachos # 500 C, Colonia Robles de Santa Catarina, Santa Catarina Nuevo León. CP 66359','SANTA CATARINA','25° 40\' 55.6684\" N 100° 29\' 47.9429\" W','Allfood','FOTOS ALLFOOD','Madacsa','FOTOS MADACSA'),
(171,'SILLONES','1',14,'Calle Sierra de Picachos # 500 C, Colonia Robles de Santa Catarina, Santa Catarina Nuevo León. CP 66359','SANTA CATARINA','25° 40\' 55.6684\" N 100° 29\' 47.9429\" W','Allfood','FOTOS ALLFOOD','Madacsa','FOTOS MADACSA'),
(172,'MESA  DE CENTRO','0',14,'Calle Sierra de Picachos # 500 C, Colonia Robles de Santa Catarina, Santa Catarina Nuevo León. CP 66359','SANTA CATARINA','25° 40\' 55.6684\" N 100° 29\' 47.9429\" W','Allfood','FOTOS ALLFOOD','Madacsa','FOTOS MADACSA'),
(173,'CAJONERAS','0',14,'Calle Sierra de Picachos # 500 C, Colonia Robles de Santa Catarina, Santa Catarina Nuevo León. CP 66359','SANTA CATARINA','25° 40\' 55.6684\" N 100° 29\' 47.9429\" W','Allfood','FOTOS ALLFOOD','Madacsa','FOTOS MADACSA'),
(174,'ESTANTES','1',14,'Calle Sierra de Picachos # 500 C, Colonia Robles de Santa Catarina, Santa Catarina Nuevo León. CP 66359','SANTA CATARINA','25° 40\' 55.6684\" N 100° 29\' 47.9429\" W','Allfood','FOTOS ALLFOOD','Madacsa','FOTOS MADACSA'),
(175,'COMPUTADORA','0',14,'Calle Sierra de Picachos # 500 C, Colonia Robles de Santa Catarina, Santa Catarina Nuevo León. CP 66359','SANTA CATARINA','25° 40\' 55.6684\" N 100° 29\' 47.9429\" W','Allfood','FOTOS ALLFOOD','Madacsa','FOTOS MADACSA'),
(176,'IMPRESORA','0',14,'Calle Sierra de Picachos # 500 C, Colonia Robles de Santa Catarina, Santa Catarina Nuevo León. CP 66359','SANTA CATARINA','25° 40\' 55.6684\" N 100° 29\' 47.9429\" W','Allfood','FOTOS ALLFOOD','Madacsa','FOTOS MADACSA'),
(177,'TELEVISIÓN','0',14,'Calle Sierra de Picachos # 500 C, Colonia Robles de Santa Catarina, Santa Catarina Nuevo León. CP 66359','SANTA CATARINA','25° 40\' 55.6684\" N 100° 29\' 47.9429\" W','Allfood','FOTOS ALLFOOD','Madacsa','FOTOS MADACSA'),
(178,'DISPENSADOR DE AGUA','0',14,'Calle Sierra de Picachos # 500 C, Colonia Robles de Santa Catarina, Santa Catarina Nuevo León. CP 66359','SANTA CATARINA','25° 40\' 55.6684\" N 100° 29\' 47.9429\" W','Allfood','FOTOS ALLFOOD','Madacsa','FOTOS MADACSA'),
(179,'VENTILADOR','0',14,'Calle Sierra de Picachos # 500 C, Colonia Robles de Santa Catarina, Santa Catarina Nuevo León. CP 66359','SANTA CATARINA','25° 40\' 55.6684\" N 100° 29\' 47.9429\" W','Allfood','FOTOS ALLFOOD','Madacsa','FOTOS MADACSA'),
(180,'BANCO','0',14,'Calle Sierra de Picachos # 500 C, Colonia Robles de Santa Catarina, Santa Catarina Nuevo León. CP 66359','SANTA CATARINA','25° 40\' 55.6684\" N 100° 29\' 47.9429\" W','Allfood','FOTOS ALLFOOD','Madacsa','FOTOS MADACSA'),
(181,'CALENTADOR','0',14,'Calle Sierra de Picachos # 500 C, Colonia Robles de Santa Catarina, Santa Catarina Nuevo León. CP 66359','SANTA CATARINA','25° 40\' 55.6684\" N 100° 29\' 47.9429\" W','Allfood','FOTOS ALLFOOD','Madacsa','FOTOS MADACSA'),
(182,'ESCRITORIOS','0',14,'Av. Cuauhtémoc 1280, Residencial Cuauhtémoc, 66360 Santa Catarina, N.L. ','SANTA CATARINA','25° 41\' 7.9692\" N 100° 26\' 40.092\" W','Gamalta','FOTOS GAMALTA','Delco','FOTOS DELCO'),
(183,'SILLAS DE ESCRITORIOS','2',14,'Av. Cuauhtémoc 1280, Residencial Cuauhtémoc, 66360 Santa Catarina, N.L. ','SANTA CATARINA','25° 41\' 7.9692\" N 100° 26\' 40.092\" W','Gamalta','FOTOS GAMALTA','Delco','FOTOS DELCO'),
(184,'SILLAS ','7',14,'Av. Cuauhtémoc 1280, Residencial Cuauhtémoc, 66360 Santa Catarina, N.L. ','SANTA CATARINA','25° 41\' 7.9692\" N 100° 26\' 40.092\" W','Gamalta','FOTOS GAMALTA','Delco','FOTOS DELCO'),
(185,'MESA (ESCRITORIO)','0',14,'Av. Cuauhtémoc 1280, Residencial Cuauhtémoc, 66360 Santa Catarina, N.L. ','SANTA CATARINA','25° 41\' 7.9692\" N 100° 26\' 40.092\" W','Gamalta','FOTOS GAMALTA','Delco','FOTOS DELCO'),
(186,'SILLONES','1',14,'Av. Cuauhtémoc 1280, Residencial Cuauhtémoc, 66360 Santa Catarina, N.L. ','SANTA CATARINA','25° 41\' 7.9692\" N 100° 26\' 40.092\" W','Gamalta','FOTOS GAMALTA','Delco','FOTOS DELCO'),
(187,'MESA  DE CENTRO','0',14,'Av. Cuauhtémoc 1280, Residencial Cuauhtémoc, 66360 Santa Catarina, N.L. ','SANTA CATARINA','25° 41\' 7.9692\" N 100° 26\' 40.092\" W','Gamalta','FOTOS GAMALTA','Delco','FOTOS DELCO'),
(188,'CAJONERAS','0',14,'Av. Cuauhtémoc 1280, Residencial Cuauhtémoc, 66360 Santa Catarina, N.L. ','SANTA CATARINA','25° 41\' 7.9692\" N 100° 26\' 40.092\" W','Gamalta','FOTOS GAMALTA','Delco','FOTOS DELCO'),
(189,'ESTANTES','4',14,'Av. Cuauhtémoc 1280, Residencial Cuauhtémoc, 66360 Santa Catarina, N.L. ','SANTA CATARINA','25° 41\' 7.9692\" N 100° 26\' 40.092\" W','Gamalta','FOTOS GAMALTA','Delco','FOTOS DELCO'),
(190,'COMPUTADORA','1',14,'Av. Cuauhtémoc 1280, Residencial Cuauhtémoc, 66360 Santa Catarina, N.L. ','SANTA CATARINA','25° 41\' 7.9692\" N 100° 26\' 40.092\" W','Gamalta','FOTOS GAMALTA','Delco','FOTOS DELCO'),
(191,'IMPRESORA','0',14,'Av. Cuauhtémoc 1280, Residencial Cuauhtémoc, 66360 Santa Catarina, N.L. ','SANTA CATARINA','25° 41\' 7.9692\" N 100° 26\' 40.092\" W','Gamalta','FOTOS GAMALTA','Delco','FOTOS DELCO'),
(192,'TELEVISIÓN','0',14,'Av. Cuauhtémoc 1280, Residencial Cuauhtémoc, 66360 Santa Catarina, N.L. ','SANTA CATARINA','25° 41\' 7.9692\" N 100° 26\' 40.092\" W','Gamalta','FOTOS GAMALTA','Delco','FOTOS DELCO'),
(193,'DISPENSADOR DE AGUA','0',14,'Av. Cuauhtémoc 1280, Residencial Cuauhtémoc, 66360 Santa Catarina, N.L. ','SANTA CATARINA','25° 41\' 7.9692\" N 100° 26\' 40.092\" W','Gamalta','FOTOS GAMALTA','Delco','FOTOS DELCO'),
(194,'VENTILADOR','0',14,'Av. Cuauhtémoc 1280, Residencial Cuauhtémoc, 66360 Santa Catarina, N.L. ','SANTA CATARINA','25° 41\' 7.9692\" N 100° 26\' 40.092\" W','Gamalta','FOTOS GAMALTA','Delco','FOTOS DELCO'),
(195,'BANCO','0',14,'Av. Cuauhtémoc 1280, Residencial Cuauhtémoc, 66360 Santa Catarina, N.L. ','SANTA CATARINA','25° 41\' 7.9692\" N 100° 26\' 40.092\" W','Gamalta','FOTOS GAMALTA','Delco','FOTOS DELCO'),
(196,'CALENTADOR','0',14,'Av. Cuauhtémoc 1280, Residencial Cuauhtémoc, 66360 Santa Catarina, N.L. ','SANTA CATARINA','25° 41\' 7.9692\" N 100° 26\' 40.092\" W','Gamalta','FOTOS GAMALTA','Delco','FOTOS DELCO'),
(197,'ESCRITORIOS','0',14,'Calle Plutarco Elias calles  # 122, Tampiquito, San Pedro Garza Garcia. Cp. 66240','SAN PEDRO ','Plutarco Elías Calles 123','Caltiga','FOTOS CALTIGA','Enderco','FOTOS ENDERCO'),
(198,'SILLAS DE ESCRITORIOS','0',14,'Calle Plutarco Elias calles  # 122, Tampiquito, San Pedro Garza Garcia. Cp. 66240','SAN PEDRO ','Plutarco Elías Calles 123','Caltiga','FOTOS CALTIGA','Enderco','FOTOS ENDERCO'),
(199,'SILLAS ','0',14,'Calle Plutarco Elias calles  # 122, Tampiquito, San Pedro Garza Garcia. Cp. 66240','SAN PEDRO ','Plutarco Elías Calles 123','Caltiga','FOTOS CALTIGA','Enderco','FOTOS ENDERCO'),
(200,'MESA (ESCRITORIO)','0',14,'Calle Plutarco Elias calles  # 122, Tampiquito, San Pedro Garza Garcia. Cp. 66240','SAN PEDRO ','Plutarco Elías Calles 123','Caltiga','FOTOS CALTIGA','Enderco','FOTOS ENDERCO'),
(201,'SILLONES','0',14,'Calle Plutarco Elias calles  # 122, Tampiquito, San Pedro Garza Garcia. Cp. 66240','SAN PEDRO ','Plutarco Elías Calles 123','Caltiga','FOTOS CALTIGA','Enderco','FOTOS ENDERCO'),
(202,'MESA  DE CENTRO','0',14,'Calle Plutarco Elias calles  # 122, Tampiquito, San Pedro Garza Garcia. Cp. 66240','SAN PEDRO ','Plutarco Elías Calles 123','Caltiga','FOTOS CALTIGA','Enderco','FOTOS ENDERCO'),
(203,'CAJONERAS','0',14,'Calle Plutarco Elias calles  # 122, Tampiquito, San Pedro Garza Garcia. Cp. 66240','SAN PEDRO ','Plutarco Elías Calles 123','Caltiga','FOTOS CALTIGA','Enderco','FOTOS ENDERCO'),
(204,'ESTANTES','0',14,'Calle Plutarco Elias calles  # 122, Tampiquito, San Pedro Garza Garcia. Cp. 66240','SAN PEDRO ','Plutarco Elías Calles 123','Caltiga','FOTOS CALTIGA','Enderco','FOTOS ENDERCO'),
(205,'COMPUTADORA','0',14,'Calle Plutarco Elias calles  # 122, Tampiquito, San Pedro Garza Garcia. Cp. 66240','SAN PEDRO ','Plutarco Elías Calles 123','Caltiga','FOTOS CALTIGA','Enderco','FOTOS ENDERCO'),
(206,'IMPRESORA','0',14,'Calle Plutarco Elias calles  # 122, Tampiquito, San Pedro Garza Garcia. Cp. 66240','SAN PEDRO ','Plutarco Elías Calles 123','Caltiga','FOTOS CALTIGA','Enderco','FOTOS ENDERCO'),
(207,'TELEVISIÓN','0',14,'Calle Plutarco Elias calles  # 122, Tampiquito, San Pedro Garza Garcia. Cp. 66240','SAN PEDRO ','Plutarco Elías Calles 123','Caltiga','FOTOS CALTIGA','Enderco','FOTOS ENDERCO'),
(208,'DISPENSADOR DE AGUA','0',14,'Calle Plutarco Elias calles  # 122, Tampiquito, San Pedro Garza Garcia. Cp. 66240','SAN PEDRO ','Plutarco Elías Calles 123','Caltiga','FOTOS CALTIGA','Enderco','FOTOS ENDERCO'),
(209,'VENTILADOR','0',14,'Calle Plutarco Elias calles  # 122, Tampiquito, San Pedro Garza Garcia. Cp. 66240','SAN PEDRO ','Plutarco Elías Calles 123','Caltiga','FOTOS CALTIGA','Enderco','FOTOS ENDERCO'),
(210,'BANCO','0',14,'Calle Plutarco Elias calles  # 122, Tampiquito, San Pedro Garza Garcia. Cp. 66240','SAN PEDRO ','Plutarco Elías Calles 123','Caltiga','FOTOS CALTIGA','Enderco','FOTOS ENDERCO'),
(211,'CALENTADOR','0',14,'Calle Plutarco Elias calles  # 122, Tampiquito, San Pedro Garza Garcia. Cp. 66240','SAN PEDRO ','Plutarco Elías Calles 123','Caltiga','FOTOS CALTIGA','Enderco','FOTOS ENDERCO'),
(212,'ESCRITORIOS','0',14,'San Martin De Tuxtla #338 D, San Gilberto, Santa Catarina, N.L. Cp. 66369 ','SANTA CATARINA','San Martin Tuxtla 338','Tuxo','FOTOS TUXO','Cygnus','FOTOS CYGNUS'),
(213,'SILLAS DE ESCRITORIOS','4',14,'San Martin De Tuxtla #338 D, San Gilberto, Santa Catarina, N.L. Cp. 66369 ','SANTA CATARINA','San Martin Tuxtla 338','Tuxo','FOTOS TUXO','Cygnus','FOTOS CYGNUS'),
(214,'SILLAS ','2',14,'San Martin De Tuxtla #338 D, San Gilberto, Santa Catarina, N.L. Cp. 66369 ','SANTA CATARINA','San Martin Tuxtla 338','Tuxo','FOTOS TUXO','Cygnus','FOTOS CYGNUS'),
(215,'MESA (ESCRITORIO)','2',14,'San Martin De Tuxtla #338 D, San Gilberto, Santa Catarina, N.L. Cp. 66369 ','SANTA CATARINA','San Martin Tuxtla 338','Tuxo','FOTOS TUXO','Cygnus','FOTOS CYGNUS'),
(216,'SILLONES','0',14,'San Martin De Tuxtla #338 D, San Gilberto, Santa Catarina, N.L. Cp. 66369 ','SANTA CATARINA','San Martin Tuxtla 338','Tuxo','FOTOS TUXO','Cygnus','FOTOS CYGNUS'),
(217,'MESA  DE CENTRO','0',14,'San Martin De Tuxtla #338 D, San Gilberto, Santa Catarina, N.L. Cp. 66369 ','SANTA CATARINA','San Martin Tuxtla 338','Tuxo','FOTOS TUXO','Cygnus','FOTOS CYGNUS'),
(218,'CAJONERAS','0',14,'San Martin De Tuxtla #338 D, San Gilberto, Santa Catarina, N.L. Cp. 66369 ','SANTA CATARINA','San Martin Tuxtla 338','Tuxo','FOTOS TUXO','Cygnus','FOTOS CYGNUS'),
(219,'ESTANTES','4',14,'San Martin De Tuxtla #338 D, San Gilberto, Santa Catarina, N.L. Cp. 66369 ','SANTA CATARINA','San Martin Tuxtla 338','Tuxo','FOTOS TUXO','Cygnus','FOTOS CYGNUS'),
(220,'COMPUTADORA','0',14,'San Martin De Tuxtla #338 D, San Gilberto, Santa Catarina, N.L. Cp. 66369 ','SANTA CATARINA','San Martin Tuxtla 338','Tuxo','FOTOS TUXO','Cygnus','FOTOS CYGNUS'),
(221,'IMPRESORA','0',14,'San Martin De Tuxtla #338 D, San Gilberto, Santa Catarina, N.L. Cp. 66369 ','SANTA CATARINA','San Martin Tuxtla 338','Tuxo','FOTOS TUXO','Cygnus','FOTOS CYGNUS'),
(222,'TELEVISIÓN','0',14,'San Martin De Tuxtla #338 D, San Gilberto, Santa Catarina, N.L. Cp. 66369 ','SANTA CATARINA','San Martin Tuxtla 338','Tuxo','FOTOS TUXO','Cygnus','FOTOS CYGNUS'),
(223,'DISPENSADOR DE AGUA','0',14,'San Martin De Tuxtla #338 D, San Gilberto, Santa Catarina, N.L. Cp. 66369 ','SANTA CATARINA','San Martin Tuxtla 338','Tuxo','FOTOS TUXO','Cygnus','FOTOS CYGNUS'),
(224,'VENTILADOR','0',14,'San Martin De Tuxtla #338 D, San Gilberto, Santa Catarina, N.L. Cp. 66369 ','SANTA CATARINA','San Martin Tuxtla 338','Tuxo','FOTOS TUXO','Cygnus','FOTOS CYGNUS'),
(225,'BANCO','0',14,'San Martin De Tuxtla #338 D, San Gilberto, Santa Catarina, N.L. Cp. 66369 ','SANTA CATARINA','San Martin Tuxtla 338','Tuxo','FOTOS TUXO','Cygnus','FOTOS CYGNUS'),
(226,'CALENTADOR','0',14,'San Martin De Tuxtla #338 D, San Gilberto, Santa Catarina, N.L. Cp. 66369 ','SANTA CATARINA','San Martin Tuxtla 338','Tuxo','FOTOS TUXO','Cygnus','FOTOS CYGNUS'),
(227,'ESCRITORIOS','2',14,'Calle Ayutla #1307, Interior D, Local 111, Colonia Nuevo Repueblo, Monterrey, Nuevo León.  CP 64700','MONTERREY','Ayutla 1307','Towson','FOTOS TOWSON','Livett','FOTOS LIVETT'),
(228,'SILLAS DE ESCRITORIOS','2',14,'Calle Ayutla #1307, Interior D, Local 111, Colonia Nuevo Repueblo, Monterrey, Nuevo León.  CP 64700','MONTERREY','Ayutla 1307','Towson','FOTOS TOWSON','Livett','FOTOS LIVETT'),
(229,'SILLAS ','2',14,'Calle Ayutla #1307, Interior D, Local 111, Colonia Nuevo Repueblo, Monterrey, Nuevo León.  CP 64700','MONTERREY','Ayutla 1307','Towson','FOTOS TOWSON','Livett','FOTOS LIVETT'),
(230,'MESA (ESCRITORIO)','0',14,'Calle Ayutla #1307, Interior D, Local 111, Colonia Nuevo Repueblo, Monterrey, Nuevo León.  CP 64700','MONTERREY','Ayutla 1307','Towson','FOTOS TOWSON','Livett','FOTOS LIVETT'),
(231,'SILLONES','0',14,'Calle Ayutla #1307, Interior D, Local 111, Colonia Nuevo Repueblo, Monterrey, Nuevo León.  CP 64700','MONTERREY','Ayutla 1307','Towson','FOTOS TOWSON','Livett','FOTOS LIVETT'),
(232,'MESA  DE CENTRO','0',14,'Calle Ayutla #1307, Interior D, Local 111, Colonia Nuevo Repueblo, Monterrey, Nuevo León.  CP 64700','MONTERREY','Ayutla 1307','Towson','FOTOS TOWSON','Livett','FOTOS LIVETT'),
(233,'CAJONERAS','0',14,'Calle Ayutla #1307, Interior D, Local 111, Colonia Nuevo Repueblo, Monterrey, Nuevo León.  CP 64700','MONTERREY','Ayutla 1307','Towson','FOTOS TOWSON','Livett','FOTOS LIVETT'),
(234,'ESTANTES','5',14,'Calle Ayutla #1307, Interior D, Local 111, Colonia Nuevo Repueblo, Monterrey, Nuevo León.  CP 64700','MONTERREY','Ayutla 1307','Towson','FOTOS TOWSON','Livett','FOTOS LIVETT'),
(235,'COMPUTADORA','1',14,'Calle Ayutla #1307, Interior D, Local 111, Colonia Nuevo Repueblo, Monterrey, Nuevo León.  CP 64700','MONTERREY','Ayutla 1307','Towson','FOTOS TOWSON','Livett','FOTOS LIVETT'),
(236,'IMPRESORA','1',14,'Calle Ayutla #1307, Interior D, Local 111, Colonia Nuevo Repueblo, Monterrey, Nuevo León.  CP 64700','MONTERREY','Ayutla 1307','Towson','FOTOS TOWSON','Livett','FOTOS LIVETT'),
(237,'TELEVISIÓN','0',14,'Calle Ayutla #1307, Interior D, Local 111, Colonia Nuevo Repueblo, Monterrey, Nuevo León.  CP 64700','MONTERREY','Ayutla 1307','Towson','FOTOS TOWSON','Livett','FOTOS LIVETT'),
(238,'DISPENSADOR DE AGUA','0',14,'Calle Ayutla #1307, Interior D, Local 111, Colonia Nuevo Repueblo, Monterrey, Nuevo León.  CP 64700','MONTERREY','Ayutla 1307','Towson','FOTOS TOWSON','Livett','FOTOS LIVETT'),
(239,'VENTILADOR','0',14,'Calle Ayutla #1307, Interior D, Local 111, Colonia Nuevo Repueblo, Monterrey, Nuevo León.  CP 64700','MONTERREY','Ayutla 1307','Towson','FOTOS TOWSON','Livett','FOTOS LIVETT'),
(240,'BANCO','0',14,'Calle Ayutla #1307, Interior D, Local 111, Colonia Nuevo Repueblo, Monterrey, Nuevo León.  CP 64700','MONTERREY','Ayutla 1307','Towson','FOTOS TOWSON','Livett','FOTOS LIVETT'),
(241,'CALENTADOR','0',14,'Calle Ayutla #1307, Interior D, Local 111, Colonia Nuevo Repueblo, Monterrey, Nuevo León.  CP 64700','MONTERREY','Ayutla 1307','Towson','FOTOS TOWSON','Livett','FOTOS LIVETT'),
(242,'ESCRITORIOS','2',14,'Av. Adolfo Ruiz Cortines # 105 A Local 3, Col. America Obrera, Guadalupe, Nuevo León C.P. 67120','GUADALUPE','Av. A. Ruiz Cortines Pte. 105','Arbok','FOTOS ARBOK','Gadissa','FOTOS GADISSA'),
(243,'SILLAS DE ESCRITORIOS','2',14,'Av. Adolfo Ruiz Cortines # 105 A Local 3, Col. America Obrera, Guadalupe, Nuevo León C.P. 67120','GUADALUPE','Av. A. Ruiz Cortines Pte. 105','Arbok','FOTOS ARBOK','Gadissa','FOTOS GADISSA'),
(244,'SILLAS ','2',14,'Av. Adolfo Ruiz Cortines # 105 A Local 3, Col. America Obrera, Guadalupe, Nuevo León C.P. 67120','GUADALUPE','Av. A. Ruiz Cortines Pte. 105','Arbok','FOTOS ARBOK','Gadissa','FOTOS GADISSA'),
(245,'MESA (ESCRITORIO)','1',14,'Av. Adolfo Ruiz Cortines # 105 A Local 3, Col. America Obrera, Guadalupe, Nuevo León C.P. 67120','GUADALUPE','Av. A. Ruiz Cortines Pte. 105','Arbok','FOTOS ARBOK','Gadissa','FOTOS GADISSA'),
(246,'SILLONES','0',14,'Av. Adolfo Ruiz Cortines # 105 A Local 3, Col. America Obrera, Guadalupe, Nuevo León C.P. 67120','GUADALUPE','Av. A. Ruiz Cortines Pte. 105','Arbok','FOTOS ARBOK','Gadissa','FOTOS GADISSA'),
(247,'MESA  DE CENTRO','0',14,'Av. Adolfo Ruiz Cortines # 105 A Local 3, Col. America Obrera, Guadalupe, Nuevo León C.P. 67120','GUADALUPE','Av. A. Ruiz Cortines Pte. 105','Arbok','FOTOS ARBOK','Gadissa','FOTOS GADISSA'),
(248,'CAJONERAS','0',14,'Av. Adolfo Ruiz Cortines # 105 A Local 3, Col. America Obrera, Guadalupe, Nuevo León C.P. 67120','GUADALUPE','Av. A. Ruiz Cortines Pte. 105','Arbok','FOTOS ARBOK','Gadissa','FOTOS GADISSA'),
(249,'ESTANTES','3',14,'Av. Adolfo Ruiz Cortines # 105 A Local 3, Col. America Obrera, Guadalupe, Nuevo León C.P. 67120','GUADALUPE','Av. A. Ruiz Cortines Pte. 105','Arbok','FOTOS ARBOK','Gadissa','FOTOS GADISSA'),
(250,'COMPUTADORA','0',14,'Av. Adolfo Ruiz Cortines # 105 A Local 3, Col. America Obrera, Guadalupe, Nuevo León C.P. 67120','GUADALUPE','Av. A. Ruiz Cortines Pte. 105','Arbok','FOTOS ARBOK','Gadissa','FOTOS GADISSA'),
(251,'IMPRESORA','1',14,'Av. Adolfo Ruiz Cortines # 105 A Local 3, Col. America Obrera, Guadalupe, Nuevo León C.P. 67120','GUADALUPE','Av. A. Ruiz Cortines Pte. 105','Arbok','FOTOS ARBOK','Gadissa','FOTOS GADISSA'),
(252,'TELEVISIÓN','0',14,'Av. Adolfo Ruiz Cortines # 105 A Local 3, Col. America Obrera, Guadalupe, Nuevo León C.P. 67120','GUADALUPE','Av. A. Ruiz Cortines Pte. 105','Arbok','FOTOS ARBOK','Gadissa','FOTOS GADISSA'),
(253,'DISPENSADOR DE AGUA','0',14,'Av. Adolfo Ruiz Cortines # 105 A Local 3, Col. America Obrera, Guadalupe, Nuevo León C.P. 67120','GUADALUPE','Av. A. Ruiz Cortines Pte. 105','Arbok','FOTOS ARBOK','Gadissa','FOTOS GADISSA'),
(254,'VENTILADOR','1',14,'Av. Adolfo Ruiz Cortines # 105 A Local 3, Col. America Obrera, Guadalupe, Nuevo León C.P. 67120','GUADALUPE','Av. A. Ruiz Cortines Pte. 105','Arbok','FOTOS ARBOK','Gadissa','FOTOS GADISSA'),
(255,'BANCO','0',14,'Av. Adolfo Ruiz Cortines # 105 A Local 3, Col. America Obrera, Guadalupe, Nuevo León C.P. 67120','GUADALUPE','Av. A. Ruiz Cortines Pte. 105','Arbok','FOTOS ARBOK','Gadissa','FOTOS GADISSA'),
(256,'CALENTADOR','0',14,'Av. Adolfo Ruiz Cortines # 105 A Local 3, Col. America Obrera, Guadalupe, Nuevo León C.P. 67120','GUADALUPE','Av. A. Ruiz Cortines Pte. 105','Arbok','FOTOS ARBOK','Gadissa','FOTOS GADISSA'),
(257,'ESCRITORIOS','1 (BA',14,'Calle Alvaro Obregon # 2415, Colonia Cantú, Monterrey, Nuevo León. CP 64550 (Bodega M&K)','MONTERREY','Alvaro Obregón 2415','Caoba','FOTOS CAOBA','Clean & Shine','FOTOS CLEAN&SHINE'),
(258,'SILLAS DE ESCRITORIOS','0',14,'Calle Alvaro Obregon # 2415, Colonia Cantú, Monterrey, Nuevo León. CP 64550 (Bodega M&K)','MONTERREY','Alvaro Obregón 2415','Caoba','FOTOS CAOBA','Clean & Shine','FOTOS CLEAN&SHINE'),
(259,'SILLAS ','1',14,'Calle Alvaro Obregon # 2415, Colonia Cantú, Monterrey, Nuevo León. CP 64550 (Bodega M&K)','MONTERREY','Alvaro Obregón 2415','Caoba','FOTOS CAOBA','Clean & Shine','FOTOS CLEAN&SHINE'),
(260,'MESA (ESCRITORIO)','1',14,'Calle Alvaro Obregon # 2415, Colonia Cantú, Monterrey, Nuevo León. CP 64550 (Bodega M&K)','MONTERREY','Alvaro Obregón 2415','Caoba','FOTOS CAOBA','Clean & Shine','FOTOS CLEAN&SHINE'),
(261,'SILLONES','0',14,'Calle Alvaro Obregon # 2415, Colonia Cantú, Monterrey, Nuevo León. CP 64550 (Bodega M&K)','MONTERREY','Alvaro Obregón 2415','Caoba','FOTOS CAOBA','Clean & Shine','FOTOS CLEAN&SHINE'),
(262,'MESA  DE CENTRO','0',14,'Calle Alvaro Obregon # 2415, Colonia Cantú, Monterrey, Nuevo León. CP 64550 (Bodega M&K)','MONTERREY','Alvaro Obregón 2415','Caoba','FOTOS CAOBA','Clean & Shine','FOTOS CLEAN&SHINE'),
(263,'CAJONERAS','0',14,'Calle Alvaro Obregon # 2415, Colonia Cantú, Monterrey, Nuevo León. CP 64550 (Bodega M&K)','MONTERREY','Alvaro Obregón 2415','Caoba','FOTOS CAOBA','Clean & Shine','FOTOS CLEAN&SHINE'),
(264,'ESTANTES','1',14,'Calle Alvaro Obregon # 2415, Colonia Cantú, Monterrey, Nuevo León. CP 64550 (Bodega M&K)','MONTERREY','Alvaro Obregón 2415','Caoba','FOTOS CAOBA','Clean & Shine','FOTOS CLEAN&SHINE'),
(265,'COMPUTADORA','5',14,'Calle Alvaro Obregon # 2415, Colonia Cantú, Monterrey, Nuevo León. CP 64550 (Bodega M&K)','MONTERREY','Alvaro Obregón 2415','Caoba','FOTOS CAOBA','Clean & Shine','FOTOS CLEAN&SHINE'),
(266,'IMPRESORA','0',14,'Calle Alvaro Obregon # 2415, Colonia Cantú, Monterrey, Nuevo León. CP 64550 (Bodega M&K)','MONTERREY','Alvaro Obregón 2415','Caoba','FOTOS CAOBA','Clean & Shine','FOTOS CLEAN&SHINE'),
(267,'TELEVISIÓN','0',14,'Calle Alvaro Obregon # 2415, Colonia Cantú, Monterrey, Nuevo León. CP 64550 (Bodega M&K)','MONTERREY','Alvaro Obregón 2415','Caoba','FOTOS CAOBA','Clean & Shine','FOTOS CLEAN&SHINE'),
(268,'DISPENSADOR DE AGUA','0',14,'Calle Alvaro Obregon # 2415, Colonia Cantú, Monterrey, Nuevo León. CP 64550 (Bodega M&K)','MONTERREY','Alvaro Obregón 2415','Caoba','FOTOS CAOBA','Clean & Shine','FOTOS CLEAN&SHINE'),
(269,'VENTILADOR','0',14,'Calle Alvaro Obregon # 2415, Colonia Cantú, Monterrey, Nuevo León. CP 64550 (Bodega M&K)','MONTERREY','Alvaro Obregón 2415','Caoba','FOTOS CAOBA','Clean & Shine','FOTOS CLEAN&SHINE'),
(270,'BANCO','1',14,'Calle Alvaro Obregon # 2415, Colonia Cantú, Monterrey, Nuevo León. CP 64550 (Bodega M&K)','MONTERREY','Alvaro Obregón 2415','Caoba','FOTOS CAOBA','Clean & Shine','FOTOS CLEAN&SHINE'),
(271,'CALENTADOR','0',14,'Calle Alvaro Obregon # 2415, Colonia Cantú, Monterrey, Nuevo León. CP 64550 (Bodega M&K)','MONTERREY','Alvaro Obregón 2415','Caoba','FOTOS CAOBA','Clean & Shine','FOTOS CLEAN&SHINE'),
(272,'ESCRITORIOS','1',14,'C. Bahía de las Islas 3642 7, Rincon De La Primavera, Monterrey, N.L.  C.P. 64834','MONTERREY','C. Bahía de las Islas 3642','Titan','FOTOS TITAN','Tomson','FOTOS TOMSON'),
(273,'SILLAS DE ESCRITORIOS','3',14,'C. Bahía de las Islas 3642 7, Rincon De La Primavera, Monterrey, N.L.  C.P. 64834','MONTERREY','C. Bahía de las Islas 3642','Titan','FOTOS TITAN','Tomson','FOTOS TOMSON'),
(274,'SILLAS ','2',14,'C. Bahía de las Islas 3642 7, Rincon De La Primavera, Monterrey, N.L.  C.P. 64834','MONTERREY','C. Bahía de las Islas 3642','Titan','FOTOS TITAN','Tomson','FOTOS TOMSON'),
(275,'MESA (ESCRITORIO)','1',14,'C. Bahía de las Islas 3642 7, Rincon De La Primavera, Monterrey, N.L.  C.P. 64834','MONTERREY','C. Bahía de las Islas 3642','Titan','FOTOS TITAN','Tomson','FOTOS TOMSON'),
(276,'SILLONES','1',14,'C. Bahía de las Islas 3642 7, Rincon De La Primavera, Monterrey, N.L.  C.P. 64834','MONTERREY','C. Bahía de las Islas 3642','Titan','FOTOS TITAN','Tomson','FOTOS TOMSON'),
(277,'MESA  DE CENTRO','0',14,'C. Bahía de las Islas 3642 7, Rincon De La Primavera, Monterrey, N.L.  C.P. 64834','MONTERREY','C. Bahía de las Islas 3642','Titan','FOTOS TITAN','Tomson','FOTOS TOMSON'),
(278,'CAJONERAS','0',14,'C. Bahía de las Islas 3642 7, Rincon De La Primavera, Monterrey, N.L.  C.P. 64834','MONTERREY','C. Bahía de las Islas 3642','Titan','FOTOS TITAN','Tomson','FOTOS TOMSON'),
(279,'ESTANTES','2',14,'C. Bahía de las Islas 3642 7, Rincon De La Primavera, Monterrey, N.L.  C.P. 64834','MONTERREY','C. Bahía de las Islas 3642','Titan','FOTOS TITAN','Tomson','FOTOS TOMSON'),
(280,'COMPUTADORA','1',14,'C. Bahía de las Islas 3642 7, Rincon De La Primavera, Monterrey, N.L.  C.P. 64834','MONTERREY','C. Bahía de las Islas 3642','Titan','FOTOS TITAN','Tomson','FOTOS TOMSON'),
(281,'IMPRESORA','0',14,'C. Bahía de las Islas 3642 7, Rincon De La Primavera, Monterrey, N.L.  C.P. 64834','MONTERREY','C. Bahía de las Islas 3642','Titan','FOTOS TITAN','Tomson','FOTOS TOMSON'),
(282,'TELEVISIÓN','0',14,'C. Bahía de las Islas 3642 7, Rincon De La Primavera, Monterrey, N.L.  C.P. 64834','MONTERREY','C. Bahía de las Islas 3642','Titan','FOTOS TITAN','Tomson','FOTOS TOMSON'),
(283,'DISPENSADOR DE AGUA','0',14,'C. Bahía de las Islas 3642 7, Rincon De La Primavera, Monterrey, N.L.  C.P. 64834','MONTERREY','C. Bahía de las Islas 3642','Titan','FOTOS TITAN','Tomson','FOTOS TOMSON'),
(284,'VENTILADOR','0',14,'C. Bahía de las Islas 3642 7, Rincon De La Primavera, Monterrey, N.L.  C.P. 64834','MONTERREY','C. Bahía de las Islas 3642','Titan','FOTOS TITAN','Tomson','FOTOS TOMSON'),
(285,'BANCO','0',14,'C. Bahía de las Islas 3642 7, Rincon De La Primavera, Monterrey, N.L.  C.P. 64834','MONTERREY','C. Bahía de las Islas 3642','Titan','FOTOS TITAN','Tomson','FOTOS TOMSON'),
(286,'CALENTADOR','0',14,'C. Bahía de las Islas 3642 7, Rincon De La Primavera, Monterrey, N.L.  C.P. 64834','MONTERREY','C. Bahía de las Islas 3642','Titan','FOTOS TITAN','Tomson','FOTOS TOMSON'),
(287,'ESCRITORIOS','0',14,'Calle Lacandón #102 Colonia Azteca. Guadalupe, Nuevo León. Cp. 67150','GUADALUPE','Plaza Azteca','Gabam','FOTOS GABAM','RCC','FOTOS RCC'),
(288,'SILLAS DE ESCRITORIOS','4',14,'Calle Lacandón #102 Colonia Azteca. Guadalupe, Nuevo León. Cp. 67150','GUADALUPE','Plaza Azteca','Gabam','FOTOS GABAM','RCC','FOTOS RCC'),
(289,'SILLAS ','2',14,'Calle Lacandón #102 Colonia Azteca. Guadalupe, Nuevo León. Cp. 67150','GUADALUPE','Plaza Azteca','Gabam','FOTOS GABAM','RCC','FOTOS RCC'),
(290,'MESA (ESCRITORIO)','0',14,'Calle Lacandón #102 Colonia Azteca. Guadalupe, Nuevo León. Cp. 67150','GUADALUPE','Plaza Azteca','Gabam','FOTOS GABAM','RCC','FOTOS RCC'),
(291,'SILLONES','0',14,'Calle Lacandón #102 Colonia Azteca. Guadalupe, Nuevo León. Cp. 67150','GUADALUPE','Plaza Azteca','Gabam','FOTOS GABAM','RCC','FOTOS RCC'),
(292,'MESA  DE CENTRO','0',14,'Calle Lacandón #102 Colonia Azteca. Guadalupe, Nuevo León. Cp. 67150','GUADALUPE','Plaza Azteca','Gabam','FOTOS GABAM','RCC','FOTOS RCC'),
(293,'CAJONERAS','0',14,'Calle Lacandón #102 Colonia Azteca. Guadalupe, Nuevo León. Cp. 67150','GUADALUPE','Plaza Azteca','Gabam','FOTOS GABAM','RCC','FOTOS RCC'),
(294,'ESTANTES','3',14,'Calle Lacandón #102 Colonia Azteca. Guadalupe, Nuevo León. Cp. 67150','GUADALUPE','Plaza Azteca','Gabam','FOTOS GABAM','RCC','FOTOS RCC'),
(295,'COMPUTADORA','1',14,'Calle Lacandón #102 Colonia Azteca. Guadalupe, Nuevo León. Cp. 67150','GUADALUPE','Plaza Azteca','Gabam','FOTOS GABAM','RCC','FOTOS RCC'),
(296,'IMPRESORA','0',14,'Calle Lacandón #102 Colonia Azteca. Guadalupe, Nuevo León. Cp. 67150','GUADALUPE','Plaza Azteca','Gabam','FOTOS GABAM','RCC','FOTOS RCC'),
(297,'TELEVISIÓN','0',14,'Calle Lacandón #102 Colonia Azteca. Guadalupe, Nuevo León. Cp. 67150','GUADALUPE','Plaza Azteca','Gabam','FOTOS GABAM','RCC','FOTOS RCC'),
(298,'DISPENSADOR DE AGUA','0',14,'Calle Lacandón #102 Colonia Azteca. Guadalupe, Nuevo León. Cp. 67150','GUADALUPE','Plaza Azteca','Gabam','FOTOS GABAM','RCC','FOTOS RCC'),
(299,'VENTILADOR','0',14,'Calle Lacandón #102 Colonia Azteca. Guadalupe, Nuevo León. Cp. 67150','GUADALUPE','Plaza Azteca','Gabam','FOTOS GABAM','RCC','FOTOS RCC'),
(300,'BANCO','0',14,'Calle Lacandón #102 Colonia Azteca. Guadalupe, Nuevo León. Cp. 67150','GUADALUPE','Plaza Azteca','Gabam','FOTOS GABAM','RCC','FOTOS RCC'),
(301,'CALENTADOR','0',14,'Calle Lacandón #102 Colonia Azteca. Guadalupe, Nuevo León. Cp. 67150','GUADALUPE','Plaza Azteca','Gabam','FOTOS GABAM','RCC','FOTOS RCC'),
(302,'ESCRITORIOS','2',14,'Av. Cristobal Colón # 1046 C, Colonia Centro, Monterrey, N.L. Cp 64000','MONTERREY','Av. Cristóbal Colón 1046','Gemse','FOTOS GEMSE','Bandi','FOTOS BANDI'),
(303,'SILLAS DE ESCRITORIOS','4',14,'Av. Cristobal Colón # 1046 C, Colonia Centro, Monterrey, N.L. Cp 64000','MONTERREY','Av. Cristóbal Colón 1046','Gemse','FOTOS GEMSE','Bandi','FOTOS BANDI'),
(304,'SILLAS ','0',14,'Av. Cristobal Colón # 1046 C, Colonia Centro, Monterrey, N.L. Cp 64000','MONTERREY','Av. Cristóbal Colón 1046','Gemse','FOTOS GEMSE','Bandi','FOTOS BANDI'),
(305,'MESA (ESCRITORIO)','3',14,'Av. Cristobal Colón # 1046 C, Colonia Centro, Monterrey, N.L. Cp 64000','MONTERREY','Av. Cristóbal Colón 1046','Gemse','FOTOS GEMSE','Bandi','FOTOS BANDI'),
(306,'SILLONES','0',14,'Av. Cristobal Colón # 1046 C, Colonia Centro, Monterrey, N.L. Cp 64000','MONTERREY','Av. Cristóbal Colón 1046','Gemse','FOTOS GEMSE','Bandi','FOTOS BANDI'),
(307,'MESA  DE CENTRO','0',14,'Av. Cristobal Colón # 1046 C, Colonia Centro, Monterrey, N.L. Cp 64000','MONTERREY','Av. Cristóbal Colón 1046','Gemse','FOTOS GEMSE','Bandi','FOTOS BANDI'),
(308,'CAJONERAS','0',14,'Av. Cristobal Colón # 1046 C, Colonia Centro, Monterrey, N.L. Cp 64000','MONTERREY','Av. Cristóbal Colón 1046','Gemse','FOTOS GEMSE','Bandi','FOTOS BANDI'),
(309,'ESTANTES','4',14,'Av. Cristobal Colón # 1046 C, Colonia Centro, Monterrey, N.L. Cp 64000','MONTERREY','Av. Cristóbal Colón 1046','Gemse','FOTOS GEMSE','Bandi','FOTOS BANDI'),
(310,'COMPUTADORA','4',14,'Av. Cristobal Colón # 1046 C, Colonia Centro, Monterrey, N.L. Cp 64000','MONTERREY','Av. Cristóbal Colón 1046','Gemse','FOTOS GEMSE','Bandi','FOTOS BANDI'),
(311,'IMPRESORA','0',14,'Av. Cristobal Colón # 1046 C, Colonia Centro, Monterrey, N.L. Cp 64000','MONTERREY','Av. Cristóbal Colón 1046','Gemse','FOTOS GEMSE','Bandi','FOTOS BANDI'),
(312,'TELEVISIÓN','0',14,'Av. Cristobal Colón # 1046 C, Colonia Centro, Monterrey, N.L. Cp 64000','MONTERREY','Av. Cristóbal Colón 1046','Gemse','FOTOS GEMSE','Bandi','FOTOS BANDI'),
(313,'DISPENSADOR DE AGUA','1',14,'Av. Cristobal Colón # 1046 C, Colonia Centro, Monterrey, N.L. Cp 64000','MONTERREY','Av. Cristóbal Colón 1046','Gemse','FOTOS GEMSE','Bandi','FOTOS BANDI'),
(314,'VENTILADOR','0',14,'Av. Cristobal Colón # 1046 C, Colonia Centro, Monterrey, N.L. Cp 64000','MONTERREY','Av. Cristóbal Colón 1046','Gemse','FOTOS GEMSE','Bandi','FOTOS BANDI'),
(315,'BANCO','0',14,'Av. Cristobal Colón # 1046 C, Colonia Centro, Monterrey, N.L. Cp 64000','MONTERREY','Av. Cristóbal Colón 1046','Gemse','FOTOS GEMSE','Bandi','FOTOS BANDI'),
(316,'CALENTADOR','0',14,'Av. Cristobal Colón # 1046 C, Colonia Centro, Monterrey, N.L. Cp 64000','MONTERREY','Av. Cristóbal Colón 1046','Gemse','FOTOS GEMSE','Bandi','FOTOS BANDI'),
(317,'ESCRITORIOS','4',14,'Av. Santa Rosa De Lima #1736 B, Colonia Santa Maria, Guadalupe, Nuevo Leon. CP 67485','GUADALUPE','Av Sta Rosa de Lima 1736','Triventto','FOTOS TRIVENTTO','Cavanna','FOTOS CAVANNA'),
(318,'SILLAS DE ESCRITORIOS','4',14,'Av. Santa Rosa De Lima #1736 B, Colonia Santa Maria, Guadalupe, Nuevo Leon. CP 67485','GUADALUPE','Av Sta Rosa de Lima 1736','Triventto','FOTOS TRIVENTTO','Cavanna','FOTOS CAVANNA'),
(319,'SILLAS ','3',14,'Av. Santa Rosa De Lima #1736 B, Colonia Santa Maria, Guadalupe, Nuevo Leon. CP 67485','GUADALUPE','Av Sta Rosa de Lima 1736','Triventto','FOTOS TRIVENTTO','Cavanna','FOTOS CAVANNA'),
(320,'MESA (ESCRITORIO)','2',14,'Av. Santa Rosa De Lima #1736 B, Colonia Santa Maria, Guadalupe, Nuevo Leon. CP 67485','GUADALUPE','Av Sta Rosa de Lima 1736','Triventto','FOTOS TRIVENTTO','Cavanna','FOTOS CAVANNA'),
(321,'SILLONES','0',14,'Av. Santa Rosa De Lima #1736 B, Colonia Santa Maria, Guadalupe, Nuevo Leon. CP 67485','GUADALUPE','Av Sta Rosa de Lima 1736','Triventto','FOTOS TRIVENTTO','Cavanna','FOTOS CAVANNA'),
(322,'MESA  DE CENTRO','0',14,'Av. Santa Rosa De Lima #1736 B, Colonia Santa Maria, Guadalupe, Nuevo Leon. CP 67485','GUADALUPE','Av Sta Rosa de Lima 1736','Triventto','FOTOS TRIVENTTO','Cavanna','FOTOS CAVANNA'),
(323,'CAJONERAS','0',14,'Av. Santa Rosa De Lima #1736 B, Colonia Santa Maria, Guadalupe, Nuevo Leon. CP 67485','GUADALUPE','Av Sta Rosa de Lima 1736','Triventto','FOTOS TRIVENTTO','Cavanna','FOTOS CAVANNA'),
(324,'ESTANTES','2',14,'Av. Santa Rosa De Lima #1736 B, Colonia Santa Maria, Guadalupe, Nuevo Leon. CP 67485','GUADALUPE','Av Sta Rosa de Lima 1736','Triventto','FOTOS TRIVENTTO','Cavanna','FOTOS CAVANNA'),
(325,'COMPUTADORA','0',14,'Av. Santa Rosa De Lima #1736 B, Colonia Santa Maria, Guadalupe, Nuevo Leon. CP 67485','GUADALUPE','Av Sta Rosa de Lima 1736','Triventto','FOTOS TRIVENTTO','Cavanna','FOTOS CAVANNA'),
(326,'IMPRESORA','0',14,'Av. Santa Rosa De Lima #1736 B, Colonia Santa Maria, Guadalupe, Nuevo Leon. CP 67485','GUADALUPE','Av Sta Rosa de Lima 1736','Triventto','FOTOS TRIVENTTO','Cavanna','FOTOS CAVANNA'),
(327,'TELEVISIÓN','0',14,'Av. Santa Rosa De Lima #1736 B, Colonia Santa Maria, Guadalupe, Nuevo Leon. CP 67485','GUADALUPE','Av Sta Rosa de Lima 1736','Triventto','FOTOS TRIVENTTO','Cavanna','FOTOS CAVANNA'),
(328,'DISPENSADOR DE AGUA','0',14,'Av. Santa Rosa De Lima #1736 B, Colonia Santa Maria, Guadalupe, Nuevo Leon. CP 67485','GUADALUPE','Av Sta Rosa de Lima 1736','Triventto','FOTOS TRIVENTTO','Cavanna','FOTOS CAVANNA'),
(329,'VENTILADOR','0',14,'Av. Santa Rosa De Lima #1736 B, Colonia Santa Maria, Guadalupe, Nuevo Leon. CP 67485','GUADALUPE','Av Sta Rosa de Lima 1736','Triventto','FOTOS TRIVENTTO','Cavanna','FOTOS CAVANNA'),
(330,'BANCO','0',14,'Av. Santa Rosa De Lima #1736 B, Colonia Santa Maria, Guadalupe, Nuevo Leon. CP 67485','GUADALUPE','Av Sta Rosa de Lima 1736','Triventto','FOTOS TRIVENTTO','Cavanna','FOTOS CAVANNA'),
(331,'CALENTADOR','0',14,'Av. Santa Rosa De Lima #1736 B, Colonia Santa Maria, Guadalupe, Nuevo Leon. CP 67485','GUADALUPE','Av Sta Rosa de Lima 1736','Triventto','FOTOS TRIVENTTO','Cavanna','FOTOS CAVANNA'),
(332,'ESCRITORIOS','1',14,'Av. Eloy Cavazos # 2217, Interior A, Colonia Tolteca, Guadalupe, Nuevo León. CP 67170','GUADALUPE','Av Eloy Cavazos 2217','Lann','FOTOS  LANN','APB','FOTOS APB'),
(333,'SILLAS DE ESCRITORIOS','2',14,'Av. Eloy Cavazos # 2217, Interior A, Colonia Tolteca, Guadalupe, Nuevo León. CP 67170','GUADALUPE','Av Eloy Cavazos 2217','Lann','FOTOS  LANN','APB','FOTOS APB'),
(334,'SILLAS ','0',14,'Av. Eloy Cavazos # 2217, Interior A, Colonia Tolteca, Guadalupe, Nuevo León. CP 67170','GUADALUPE','Av Eloy Cavazos 2217','Lann','FOTOS  LANN','APB','FOTOS APB'),
(335,'MESA (ESCRITORIO)','1',14,'Av. Eloy Cavazos # 2217, Interior A, Colonia Tolteca, Guadalupe, Nuevo León. CP 67170','GUADALUPE','Av Eloy Cavazos 2217','Lann','FOTOS  LANN','APB','FOTOS APB'),
(336,'SILLONES','1',14,'Av. Eloy Cavazos # 2217, Interior A, Colonia Tolteca, Guadalupe, Nuevo León. CP 67170','GUADALUPE','Av Eloy Cavazos 2217','Lann','FOTOS  LANN','APB','FOTOS APB'),
(337,'MESA  DE CENTRO','0',14,'Av. Eloy Cavazos # 2217, Interior A, Colonia Tolteca, Guadalupe, Nuevo León. CP 67170','GUADALUPE','Av Eloy Cavazos 2217','Lann','FOTOS  LANN','APB','FOTOS APB'),
(338,'CAJONERAS','0',14,'Av. Eloy Cavazos # 2217, Interior A, Colonia Tolteca, Guadalupe, Nuevo León. CP 67170','GUADALUPE','Av Eloy Cavazos 2217','Lann','FOTOS  LANN','APB','FOTOS APB'),
(339,'ESTANTES','2',14,'Av. Eloy Cavazos # 2217, Interior A, Colonia Tolteca, Guadalupe, Nuevo León. CP 67170','GUADALUPE','Av Eloy Cavazos 2217','Lann','FOTOS  LANN','APB','FOTOS APB'),
(340,'COMPUTADORA','1',14,'Av. Eloy Cavazos # 2217, Interior A, Colonia Tolteca, Guadalupe, Nuevo León. CP 67170','GUADALUPE','Av Eloy Cavazos 2217','Lann','FOTOS  LANN','APB','FOTOS APB'),
(341,'IMPRESORA','0',14,'Av. Eloy Cavazos # 2217, Interior A, Colonia Tolteca, Guadalupe, Nuevo León. CP 67170','GUADALUPE','Av Eloy Cavazos 2217','Lann','FOTOS  LANN','APB','FOTOS APB'),
(342,'TELEVISIÓN','0',14,'Av. Eloy Cavazos # 2217, Interior A, Colonia Tolteca, Guadalupe, Nuevo León. CP 67170','GUADALUPE','Av Eloy Cavazos 2217','Lann','FOTOS  LANN','APB','FOTOS APB'),
(343,'DISPENSADOR DE AGUA','0',14,'Av. Eloy Cavazos # 2217, Interior A, Colonia Tolteca, Guadalupe, Nuevo León. CP 67170','GUADALUPE','Av Eloy Cavazos 2217','Lann','FOTOS  LANN','APB','FOTOS APB'),
(344,'VENTILADOR','0',14,'Av. Eloy Cavazos # 2217, Interior A, Colonia Tolteca, Guadalupe, Nuevo León. CP 67170','GUADALUPE','Av Eloy Cavazos 2217','Lann','FOTOS  LANN','APB','FOTOS APB'),
(345,'BANCO','0',14,'Av. Eloy Cavazos # 2217, Interior A, Colonia Tolteca, Guadalupe, Nuevo León. CP 67170','GUADALUPE','Av Eloy Cavazos 2217','Lann','FOTOS  LANN','APB','FOTOS APB'),
(346,'CALENTADOR','0',14,'Av. Eloy Cavazos # 2217, Interior A, Colonia Tolteca, Guadalupe, Nuevo León. CP 67170','GUADALUPE','Av Eloy Cavazos 2217','Lann','FOTOS  LANN','APB','FOTOS APB'),
(347,'ESCRITORIOS','2',14,'Calle Adolfo Lopez Mateos #417, Local 11, Colonia 21 De Enero, Guadalupe, Nuevo León. CP 67160','GUADALUPE','Av. Adolfo López Mateos 417','TGR','FOTOS TGR','CRM','FOTOS CRM'),
(348,'SILLAS DE ESCRITORIOS','4',14,'Calle Adolfo Lopez Mateos #417, Local 11, Colonia 21 De Enero, Guadalupe, Nuevo León. CP 67160','GUADALUPE','Av. Adolfo López Mateos 417','TGR','FOTOS TGR','CRM','FOTOS CRM'),
(349,'SILLAS ','2',14,'Calle Adolfo Lopez Mateos #417, Local 11, Colonia 21 De Enero, Guadalupe, Nuevo León. CP 67160','GUADALUPE','Av. Adolfo López Mateos 417','TGR','FOTOS TGR','CRM','FOTOS CRM'),
(350,'MESA (ESCRITORIO)','0',14,'Calle Adolfo Lopez Mateos #417, Local 11, Colonia 21 De Enero, Guadalupe, Nuevo León. CP 67160','GUADALUPE','Av. Adolfo López Mateos 417','TGR','FOTOS TGR','CRM','FOTOS CRM'),
(351,'SILLONES','0',14,'Calle Adolfo Lopez Mateos #417, Local 11, Colonia 21 De Enero, Guadalupe, Nuevo León. CP 67160','GUADALUPE','Av. Adolfo López Mateos 417','TGR','FOTOS TGR','CRM','FOTOS CRM'),
(352,'MESA  DE CENTRO','0',14,'Calle Adolfo Lopez Mateos #417, Local 11, Colonia 21 De Enero, Guadalupe, Nuevo León. CP 67160','GUADALUPE','Av. Adolfo López Mateos 417','TGR','FOTOS TGR','CRM','FOTOS CRM'),
(353,'CAJONERAS','0',14,'Calle Adolfo Lopez Mateos #417, Local 11, Colonia 21 De Enero, Guadalupe, Nuevo León. CP 67160','GUADALUPE','Av. Adolfo López Mateos 417','TGR','FOTOS TGR','CRM','FOTOS CRM'),
(354,'ESTANTES','0',14,'Calle Adolfo Lopez Mateos #417, Local 11, Colonia 21 De Enero, Guadalupe, Nuevo León. CP 67160','GUADALUPE','Av. Adolfo López Mateos 417','TGR','FOTOS TGR','CRM','FOTOS CRM'),
(355,'COMPUTADORA','0',14,'Calle Adolfo Lopez Mateos #417, Local 11, Colonia 21 De Enero, Guadalupe, Nuevo León. CP 67160','GUADALUPE','Av. Adolfo López Mateos 417','TGR','FOTOS TGR','CRM','FOTOS CRM'),
(356,'IMPRESORA','0',14,'Calle Adolfo Lopez Mateos #417, Local 11, Colonia 21 De Enero, Guadalupe, Nuevo León. CP 67160','GUADALUPE','Av. Adolfo López Mateos 417','TGR','FOTOS TGR','CRM','FOTOS CRM'),
(357,'TELEVISIÓN','0',14,'Calle Adolfo Lopez Mateos #417, Local 11, Colonia 21 De Enero, Guadalupe, Nuevo León. CP 67160','GUADALUPE','Av. Adolfo López Mateos 417','TGR','FOTOS TGR','CRM','FOTOS CRM'),
(358,'DISPENSADOR DE AGUA','0',14,'Calle Adolfo Lopez Mateos #417, Local 11, Colonia 21 De Enero, Guadalupe, Nuevo León. CP 67160','GUADALUPE','Av. Adolfo López Mateos 417','TGR','FOTOS TGR','CRM','FOTOS CRM'),
(359,'VENTILADOR','0',14,'Calle Adolfo Lopez Mateos #417, Local 11, Colonia 21 De Enero, Guadalupe, Nuevo León. CP 67160','GUADALUPE','Av. Adolfo López Mateos 417','TGR','FOTOS TGR','CRM','FOTOS CRM'),
(360,'BANCO','0',14,'Calle Adolfo Lopez Mateos #417, Local 11, Colonia 21 De Enero, Guadalupe, Nuevo León. CP 67160','GUADALUPE','Av. Adolfo López Mateos 417','TGR','FOTOS TGR','CRM','FOTOS CRM'),
(361,'CALENTADOR','0',14,'Calle Adolfo Lopez Mateos #417, Local 11, Colonia 21 De Enero, Guadalupe, Nuevo León. CP 67160','GUADALUPE','Av. Adolfo López Mateos 417','TGR','FOTOS TGR','CRM','FOTOS CRM'),
(362,'ESCRITORIOS','0',14,'Calle Adolfo Lopez Mateos #417, Local 14, Colonia 21 De Enero, Guadalupe, Nuevo León. CP 67160','GUADALUPE','Av. Adolfo López Mateos 417','Moved','FOTOS MOVED','Gravler','FOTOS GRAVLER'),
(363,'SILLAS DE ESCRITORIOS','5',14,'Calle Adolfo Lopez Mateos #417, Local 14, Colonia 21 De Enero, Guadalupe, Nuevo León. CP 67160','GUADALUPE','Av. Adolfo López Mateos 417','Moved','FOTOS MOVED','Gravler','FOTOS GRAVLER'),
(364,'SILLAS ','0',14,'Calle Adolfo Lopez Mateos #417, Local 14, Colonia 21 De Enero, Guadalupe, Nuevo León. CP 67160','GUADALUPE','Av. Adolfo López Mateos 417','Moved','FOTOS MOVED','Gravler','FOTOS GRAVLER'),
(365,'MESA (ESCRITORIO)','3',14,'Calle Adolfo Lopez Mateos #417, Local 14, Colonia 21 De Enero, Guadalupe, Nuevo León. CP 67160','GUADALUPE','Av. Adolfo López Mateos 417','Moved','FOTOS MOVED','Gravler','FOTOS GRAVLER'),
(366,'SILLONES','0',14,'Calle Adolfo Lopez Mateos #417, Local 14, Colonia 21 De Enero, Guadalupe, Nuevo León. CP 67160','GUADALUPE','Av. Adolfo López Mateos 417','Moved','FOTOS MOVED','Gravler','FOTOS GRAVLER'),
(367,'MESA  DE CENTRO','0',14,'Calle Adolfo Lopez Mateos #417, Local 14, Colonia 21 De Enero, Guadalupe, Nuevo León. CP 67160','GUADALUPE','Av. Adolfo López Mateos 417','Moved','FOTOS MOVED','Gravler','FOTOS GRAVLER'),
(368,'CAJONERAS','0',14,'Calle Adolfo Lopez Mateos #417, Local 14, Colonia 21 De Enero, Guadalupe, Nuevo León. CP 67160','GUADALUPE','Av. Adolfo López Mateos 417','Moved','FOTOS MOVED','Gravler','FOTOS GRAVLER'),
(369,'ESTANTES','3',14,'Calle Adolfo Lopez Mateos #417, Local 14, Colonia 21 De Enero, Guadalupe, Nuevo León. CP 67160','GUADALUPE','Av. Adolfo López Mateos 417','Moved','FOTOS MOVED','Gravler','FOTOS GRAVLER'),
(370,'COMPUTADORA','0',14,'Calle Adolfo Lopez Mateos #417, Local 14, Colonia 21 De Enero, Guadalupe, Nuevo León. CP 67160','GUADALUPE','Av. Adolfo López Mateos 417','Moved','FOTOS MOVED','Gravler','FOTOS GRAVLER'),
(371,'IMPRESORA','0',14,'Calle Adolfo Lopez Mateos #417, Local 14, Colonia 21 De Enero, Guadalupe, Nuevo León. CP 67160','GUADALUPE','Av. Adolfo López Mateos 417','Moved','FOTOS MOVED','Gravler','FOTOS GRAVLER'),
(372,'TELEVISIÓN','0',14,'Calle Adolfo Lopez Mateos #417, Local 14, Colonia 21 De Enero, Guadalupe, Nuevo León. CP 67160','GUADALUPE','Av. Adolfo López Mateos 417','Moved','FOTOS MOVED','Gravler','FOTOS GRAVLER'),
(373,'DISPENSADOR DE AGUA','0',14,'Calle Adolfo Lopez Mateos #417, Local 14, Colonia 21 De Enero, Guadalupe, Nuevo León. CP 67160','GUADALUPE','Av. Adolfo López Mateos 417','Moved','FOTOS MOVED','Gravler','FOTOS GRAVLER'),
(374,'VENTILADOR','0',14,'Calle Adolfo Lopez Mateos #417, Local 14, Colonia 21 De Enero, Guadalupe, Nuevo León. CP 67160','GUADALUPE','Av. Adolfo López Mateos 417','Moved','FOTOS MOVED','Gravler','FOTOS GRAVLER'),
(375,'BANCO','0',14,'Calle Adolfo Lopez Mateos #417, Local 14, Colonia 21 De Enero, Guadalupe, Nuevo León. CP 67160','GUADALUPE','Av. Adolfo López Mateos 417','Moved','FOTOS MOVED','Gravler','FOTOS GRAVLER'),
(376,'CALENTADOR','0',14,'Calle Adolfo Lopez Mateos #417, Local 14, Colonia 21 De Enero, Guadalupe, Nuevo León. CP 67160','GUADALUPE','Av. Adolfo López Mateos 417','Moved','FOTOS MOVED','Gravler','FOTOS GRAVLER'),
(377,'ESCRITORIOS','2',14,'Av. Eloy Cavazos # 2207, Colonia Tolteca, Guadalupe, Nuevo León. CP 67170','GUADALUPE','Av Eloy Cavazos 2207','CMP','FOTOS CMP','Ozma','FOTOS OZMA'),
(378,'SILLAS DE ESCRITORIOS','4',14,'Av. Eloy Cavazos # 2207, Colonia Tolteca, Guadalupe, Nuevo León. CP 67170','GUADALUPE','Av Eloy Cavazos 2207','CMP','FOTOS CMP','Ozma','FOTOS OZMA'),
(379,'SILLAS ','0',14,'Av. Eloy Cavazos # 2207, Colonia Tolteca, Guadalupe, Nuevo León. CP 67170','GUADALUPE','Av Eloy Cavazos 2207','CMP','FOTOS CMP','Ozma','FOTOS OZMA'),
(380,'MESA (ESCRITORIO)','2',14,'Av. Eloy Cavazos # 2207, Colonia Tolteca, Guadalupe, Nuevo León. CP 67170','GUADALUPE','Av Eloy Cavazos 2207','CMP','FOTOS CMP','Ozma','FOTOS OZMA'),
(381,'SILLONES','0',14,'Av. Eloy Cavazos # 2207, Colonia Tolteca, Guadalupe, Nuevo León. CP 67170','GUADALUPE','Av Eloy Cavazos 2207','CMP','FOTOS CMP','Ozma','FOTOS OZMA'),
(382,'MESA  DE CENTRO','0',14,'Av. Eloy Cavazos # 2207, Colonia Tolteca, Guadalupe, Nuevo León. CP 67170','GUADALUPE','Av Eloy Cavazos 2207','CMP','FOTOS CMP','Ozma','FOTOS OZMA'),
(383,'CAJONERAS','0',14,'Av. Eloy Cavazos # 2207, Colonia Tolteca, Guadalupe, Nuevo León. CP 67170','GUADALUPE','Av Eloy Cavazos 2207','CMP','FOTOS CMP','Ozma','FOTOS OZMA'),
(384,'ESTANTES','2',14,'Av. Eloy Cavazos # 2207, Colonia Tolteca, Guadalupe, Nuevo León. CP 67170','GUADALUPE','Av Eloy Cavazos 2207','CMP','FOTOS CMP','Ozma','FOTOS OZMA'),
(385,'COMPUTADORA','1 MON',14,'Av. Eloy Cavazos # 2207, Colonia Tolteca, Guadalupe, Nuevo León. CP 67170','GUADALUPE','Av Eloy Cavazos 2207','CMP','FOTOS CMP','Ozma','FOTOS OZMA'),
(386,'IMPRESORA','0',14,'Av. Eloy Cavazos # 2207, Colonia Tolteca, Guadalupe, Nuevo León. CP 67170','GUADALUPE','Av Eloy Cavazos 2207','CMP','FOTOS CMP','Ozma','FOTOS OZMA'),
(387,'TELEVISIÓN','0',14,'Av. Eloy Cavazos # 2207, Colonia Tolteca, Guadalupe, Nuevo León. CP 67170','GUADALUPE','Av Eloy Cavazos 2207','CMP','FOTOS CMP','Ozma','FOTOS OZMA'),
(388,'DISPENSADOR DE AGUA','0',14,'Av. Eloy Cavazos # 2207, Colonia Tolteca, Guadalupe, Nuevo León. CP 67170','GUADALUPE','Av Eloy Cavazos 2207','CMP','FOTOS CMP','Ozma','FOTOS OZMA'),
(389,'VENTILADOR','0',14,'Av. Eloy Cavazos # 2207, Colonia Tolteca, Guadalupe, Nuevo León. CP 67170','GUADALUPE','Av Eloy Cavazos 2207','CMP','FOTOS CMP','Ozma','FOTOS OZMA'),
(390,'BANCO','0',14,'Av. Eloy Cavazos # 2207, Colonia Tolteca, Guadalupe, Nuevo León. CP 67170','GUADALUPE','Av Eloy Cavazos 2207','CMP','FOTOS CMP','Ozma','FOTOS OZMA'),
(391,'CALENTADOR','0',14,'Av. Eloy Cavazos # 2207, Colonia Tolteca, Guadalupe, Nuevo León. CP 67170','GUADALUPE','Av Eloy Cavazos 2207','CMP','FOTOS CMP','Ozma','FOTOS OZMA'),
(392,'ESCRITORIOS','0',14,'Av. Pablo Livas #3230 INT F, Col. Galerias Camino Real, Guadalupe N.L. C.P. 67170','GUADALUPE','Av. Pablo Livas 3230','Urban52','FOTOS URBAN52','Alfa88','FOTOS ALFA88'),
(393,'SILLAS DE ESCRITORIOS','4',14,'Av. Pablo Livas #3230 INT F, Col. Galerias Camino Real, Guadalupe N.L. C.P. 67170','GUADALUPE','Av. Pablo Livas 3230','Urban52','FOTOS URBAN52','Alfa88','FOTOS ALFA88'),
(394,'SILLAS ','2',14,'Av. Pablo Livas #3230 INT F, Col. Galerias Camino Real, Guadalupe N.L. C.P. 67170','GUADALUPE','Av. Pablo Livas 3230','Urban52','FOTOS URBAN52','Alfa88','FOTOS ALFA88'),
(395,'MESA (ESCRITORIO)','2',14,'Av. Pablo Livas #3230 INT F, Col. Galerias Camino Real, Guadalupe N.L. C.P. 67170','GUADALUPE','Av. Pablo Livas 3230','Urban52','FOTOS URBAN52','Alfa88','FOTOS ALFA88'),
(396,'SILLONES','0',14,'Av. Pablo Livas #3230 INT F, Col. Galerias Camino Real, Guadalupe N.L. C.P. 67170','GUADALUPE','Av. Pablo Livas 3230','Urban52','FOTOS URBAN52','Alfa88','FOTOS ALFA88'),
(397,'MESA  DE CENTRO','0',14,'Av. Pablo Livas #3230 INT F, Col. Galerias Camino Real, Guadalupe N.L. C.P. 67170','GUADALUPE','Av. Pablo Livas 3230','Urban52','FOTOS URBAN52','Alfa88','FOTOS ALFA88'),
(398,'CAJONERAS','0',14,'Av. Pablo Livas #3230 INT F, Col. Galerias Camino Real, Guadalupe N.L. C.P. 67170','GUADALUPE','Av. Pablo Livas 3230','Urban52','FOTOS URBAN52','Alfa88','FOTOS ALFA88'),
(399,'ESTANTES','3',14,'Av. Pablo Livas #3230 INT F, Col. Galerias Camino Real, Guadalupe N.L. C.P. 67170','GUADALUPE','Av. Pablo Livas 3230','Urban52','FOTOS URBAN52','Alfa88','FOTOS ALFA88'),
(400,'COMPUTADORA','0',14,'Av. Pablo Livas #3230 INT F, Col. Galerias Camino Real, Guadalupe N.L. C.P. 67170','GUADALUPE','Av. Pablo Livas 3230','Urban52','FOTOS URBAN52','Alfa88','FOTOS ALFA88'),
(401,'IMPRESORA','0',14,'Av. Pablo Livas #3230 INT F, Col. Galerias Camino Real, Guadalupe N.L. C.P. 67170','GUADALUPE','Av. Pablo Livas 3230','Urban52','FOTOS URBAN52','Alfa88','FOTOS ALFA88'),
(402,'TELEVISIÓN','0',14,'Av. Pablo Livas #3230 INT F, Col. Galerias Camino Real, Guadalupe N.L. C.P. 67170','GUADALUPE','Av. Pablo Livas 3230','Urban52','FOTOS URBAN52','Alfa88','FOTOS ALFA88'),
(403,'DISPENSADOR DE AGUA','1',14,'Av. Pablo Livas #3230 INT F, Col. Galerias Camino Real, Guadalupe N.L. C.P. 67170','GUADALUPE','Av. Pablo Livas 3230','Urban52','FOTOS URBAN52','Alfa88','FOTOS ALFA88'),
(404,'VENTILADOR','0',14,'Av. Pablo Livas #3230 INT F, Col. Galerias Camino Real, Guadalupe N.L. C.P. 67170','GUADALUPE','Av. Pablo Livas 3230','Urban52','FOTOS URBAN52','Alfa88','FOTOS ALFA88'),
(405,'BANCO','0',14,'Av. Pablo Livas #3230 INT F, Col. Galerias Camino Real, Guadalupe N.L. C.P. 67170','GUADALUPE','Av. Pablo Livas 3230','Urban52','FOTOS URBAN52','Alfa88','FOTOS ALFA88'),
(406,'CALENTADOR','0',14,'Av. Pablo Livas #3230 INT F, Col. Galerias Camino Real, Guadalupe N.L. C.P. 67170','GUADALUPE','Av. Pablo Livas 3230','Urban52','FOTOS URBAN52','Alfa88','FOTOS ALFA88'),
(407,'ESCRITORIOS','0',14,'Cerro del Mirador (Cerro de Loreto) 138, Colonia Provileon, Escobedo, N.L.','ESCOBEDO','Cerro de Loreto 138','ROD','','FORKET','FOTOS FORKET'),
(408,'SILLAS DE ESCRITORIOS','0',14,'Cerro del Mirador (Cerro de Loreto) 138, Colonia Provileon, Escobedo, N.L.','ESCOBEDO','Cerro de Loreto 138','ROD','','FORKET','FOTOS FORKET'),
(409,'SILLAS ','0',14,'Cerro del Mirador (Cerro de Loreto) 138, Colonia Provileon, Escobedo, N.L.','ESCOBEDO','Cerro de Loreto 138','ROD','','FORKET','FOTOS FORKET'),
(410,'MESA (ESCRITORIO)','0',14,'Cerro del Mirador (Cerro de Loreto) 138, Colonia Provileon, Escobedo, N.L.','ESCOBEDO','Cerro de Loreto 138','ROD','','FORKET','FOTOS FORKET'),
(411,'SILLONES','0',14,'Cerro del Mirador (Cerro de Loreto) 138, Colonia Provileon, Escobedo, N.L.','ESCOBEDO','Cerro de Loreto 138','ROD','','FORKET','FOTOS FORKET'),
(412,'MESA  DE CENTRO','0',14,'Cerro del Mirador (Cerro de Loreto) 138, Colonia Provileon, Escobedo, N.L.','ESCOBEDO','Cerro de Loreto 138','ROD','','FORKET','FOTOS FORKET'),
(413,'CAJONERAS','0',14,'Cerro del Mirador (Cerro de Loreto) 138, Colonia Provileon, Escobedo, N.L.','ESCOBEDO','Cerro de Loreto 138','ROD','','FORKET','FOTOS FORKET'),
(414,'ESTANTES','0',14,'Cerro del Mirador (Cerro de Loreto) 138, Colonia Provileon, Escobedo, N.L.','ESCOBEDO','Cerro de Loreto 138','ROD','','FORKET','FOTOS FORKET'),
(415,'COMPUTADORA','0',14,'Cerro del Mirador (Cerro de Loreto) 138, Colonia Provileon, Escobedo, N.L.','ESCOBEDO','Cerro de Loreto 138','ROD','','FORKET','FOTOS FORKET'),
(416,'IMPRESORA','0',14,'Cerro del Mirador (Cerro de Loreto) 138, Colonia Provileon, Escobedo, N.L.','ESCOBEDO','Cerro de Loreto 138','ROD','','FORKET','FOTOS FORKET'),
(417,'TELEVISIÓN','0',14,'Cerro del Mirador (Cerro de Loreto) 138, Colonia Provileon, Escobedo, N.L.','ESCOBEDO','Cerro de Loreto 138','ROD','','FORKET','FOTOS FORKET'),
(418,'DISPENSADOR DE AGUA','0',14,'Cerro del Mirador (Cerro de Loreto) 138, Colonia Provileon, Escobedo, N.L.','ESCOBEDO','Cerro de Loreto 138','ROD','','FORKET','FOTOS FORKET'),
(419,'VENTILADOR','0',14,'Cerro del Mirador (Cerro de Loreto) 138, Colonia Provileon, Escobedo, N.L.','ESCOBEDO','Cerro de Loreto 138','ROD','','FORKET','FOTOS FORKET'),
(420,'BANCO','0',14,'Cerro del Mirador (Cerro de Loreto) 138, Colonia Provileon, Escobedo, N.L.','ESCOBEDO','Cerro de Loreto 138','ROD','','FORKET','FOTOS FORKET'),
(421,'CALENTADOR','0',14,'Cerro del Mirador (Cerro de Loreto) 138, Colonia Provileon, Escobedo, N.L.','ESCOBEDO','Cerro de Loreto 138','ROD','','FORKET','FOTOS FORKET'),
(422,'ESCRITORIOS','2',14,'Av. Las Puentes #447 B Local 2, Col. Las Puentes, San Nicolas De Los Garza, Nuevo León. Cp. 66460','SAN NICOLAS','Av. Las Puentes 447','Plasti Q','FOTOS PLASTIQ','Clean & Co','FOTOS CLEAN & CO'),
(423,'SILLAS DE ESCRITORIOS','2',14,'Av. Las Puentes #447 B Local 2, Col. Las Puentes, San Nicolas De Los Garza, Nuevo León. Cp. 66460','SAN NICOLAS','Av. Las Puentes 447','Plasti Q','FOTOS PLASTIQ','Clean & Co','FOTOS CLEAN & CO'),
(424,'SILLAS ','2',14,'Av. Las Puentes #447 B Local 2, Col. Las Puentes, San Nicolas De Los Garza, Nuevo León. Cp. 66460','SAN NICOLAS','Av. Las Puentes 447','Plasti Q','FOTOS PLASTIQ','Clean & Co','FOTOS CLEAN & CO'),
(425,'MESA (ESCRITORIO)','0',14,'Av. Las Puentes #447 B Local 2, Col. Las Puentes, San Nicolas De Los Garza, Nuevo León. Cp. 66460','SAN NICOLAS','Av. Las Puentes 447','Plasti Q','FOTOS PLASTIQ','Clean & Co','FOTOS CLEAN & CO'),
(426,'SILLONES','1',14,'Av. Las Puentes #447 B Local 2, Col. Las Puentes, San Nicolas De Los Garza, Nuevo León. Cp. 66460','SAN NICOLAS','Av. Las Puentes 447','Plasti Q','FOTOS PLASTIQ','Clean & Co','FOTOS CLEAN & CO'),
(427,'MESA  DE CENTRO','0',14,'Av. Las Puentes #447 B Local 2, Col. Las Puentes, San Nicolas De Los Garza, Nuevo León. Cp. 66460','SAN NICOLAS','Av. Las Puentes 447','Plasti Q','FOTOS PLASTIQ','Clean & Co','FOTOS CLEAN & CO'),
(428,'CAJONERAS','0',14,'Av. Las Puentes #447 B Local 2, Col. Las Puentes, San Nicolas De Los Garza, Nuevo León. Cp. 66460','SAN NICOLAS','Av. Las Puentes 447','Plasti Q','FOTOS PLASTIQ','Clean & Co','FOTOS CLEAN & CO'),
(429,'ESTANTES','1',14,'Av. Las Puentes #447 B Local 2, Col. Las Puentes, San Nicolas De Los Garza, Nuevo León. Cp. 66460','SAN NICOLAS','Av. Las Puentes 447','Plasti Q','FOTOS PLASTIQ','Clean & Co','FOTOS CLEAN & CO'),
(430,'COMPUTADORA','1',14,'Av. Las Puentes #447 B Local 2, Col. Las Puentes, San Nicolas De Los Garza, Nuevo León. Cp. 66460','SAN NICOLAS','Av. Las Puentes 447','Plasti Q','FOTOS PLASTIQ','Clean & Co','FOTOS CLEAN & CO'),
(431,'IMPRESORA','0',14,'Av. Las Puentes #447 B Local 2, Col. Las Puentes, San Nicolas De Los Garza, Nuevo León. Cp. 66460','SAN NICOLAS','Av. Las Puentes 447','Plasti Q','FOTOS PLASTIQ','Clean & Co','FOTOS CLEAN & CO'),
(432,'TELEVISIÓN','0',14,'Av. Las Puentes #447 B Local 2, Col. Las Puentes, San Nicolas De Los Garza, Nuevo León. Cp. 66460','SAN NICOLAS','Av. Las Puentes 447','Plasti Q','FOTOS PLASTIQ','Clean & Co','FOTOS CLEAN & CO'),
(433,'DISPENSADOR DE AGUA','0',14,'Av. Las Puentes #447 B Local 2, Col. Las Puentes, San Nicolas De Los Garza, Nuevo León. Cp. 66460','SAN NICOLAS','Av. Las Puentes 447','Plasti Q','FOTOS PLASTIQ','Clean & Co','FOTOS CLEAN & CO'),
(434,'VENTILADOR','0',14,'Av. Las Puentes #447 B Local 2, Col. Las Puentes, San Nicolas De Los Garza, Nuevo León. Cp. 66460','SAN NICOLAS','Av. Las Puentes 447','Plasti Q','FOTOS PLASTIQ','Clean & Co','FOTOS CLEAN & CO'),
(435,'BANCO','0',14,'Av. Las Puentes #447 B Local 2, Col. Las Puentes, San Nicolas De Los Garza, Nuevo León. Cp. 66460','SAN NICOLAS','Av. Las Puentes 447','Plasti Q','FOTOS PLASTIQ','Clean & Co','FOTOS CLEAN & CO'),
(436,'CALENTADOR','0',14,'Av. Las Puentes #447 B Local 2, Col. Las Puentes, San Nicolas De Los Garza, Nuevo León. Cp. 66460','SAN NICOLAS','Av. Las Puentes 447','Plasti Q','FOTOS PLASTIQ','Clean & Co','FOTOS CLEAN & CO'),
(437,'ESCRITORIOS','2',14,'Calle Sierra Tarahumara # 772, Interior 1, Colonia Las Puentes 6 Sector, San Nicolás de los Garza, N.L.  CP 66460','SAN NICOLAS','Sierra Tarahumara 772','Cleanmex','FOTOS CLEANMEX','Mutted','FOTOS MUTTED'),
(438,'SILLAS DE ESCRITORIOS','4',14,'Calle Sierra Tarahumara # 772, Interior 1, Colonia Las Puentes 6 Sector, San Nicolás de los Garza, N.L.  CP 66460','SAN NICOLAS','Sierra Tarahumara 772','Cleanmex','FOTOS CLEANMEX','Mutted','FOTOS MUTTED'),
(439,'SILLAS ','0',14,'Calle Sierra Tarahumara # 772, Interior 1, Colonia Las Puentes 6 Sector, San Nicolás de los Garza, N.L.  CP 66460','SAN NICOLAS','Sierra Tarahumara 772','Cleanmex','FOTOS CLEANMEX','Mutted','FOTOS MUTTED'),
(440,'MESA (ESCRITORIO)','0',14,'Calle Sierra Tarahumara # 772, Interior 1, Colonia Las Puentes 6 Sector, San Nicolás de los Garza, N.L.  CP 66460','SAN NICOLAS','Sierra Tarahumara 772','Cleanmex','FOTOS CLEANMEX','Mutted','FOTOS MUTTED'),
(441,'SILLONES','0',14,'Calle Sierra Tarahumara # 772, Interior 1, Colonia Las Puentes 6 Sector, San Nicolás de los Garza, N.L.  CP 66460','SAN NICOLAS','Sierra Tarahumara 772','Cleanmex','FOTOS CLEANMEX','Mutted','FOTOS MUTTED'),
(442,'MESA  DE CENTRO','0',14,'Calle Sierra Tarahumara # 772, Interior 1, Colonia Las Puentes 6 Sector, San Nicolás de los Garza, N.L.  CP 66460','SAN NICOLAS','Sierra Tarahumara 772','Cleanmex','FOTOS CLEANMEX','Mutted','FOTOS MUTTED'),
(443,'CAJONERAS','0',14,'Calle Sierra Tarahumara # 772, Interior 1, Colonia Las Puentes 6 Sector, San Nicolás de los Garza, N.L.  CP 66460','SAN NICOLAS','Sierra Tarahumara 772','Cleanmex','FOTOS CLEANMEX','Mutted','FOTOS MUTTED'),
(444,'ESTANTES','3',14,'Calle Sierra Tarahumara # 772, Interior 1, Colonia Las Puentes 6 Sector, San Nicolás de los Garza, N.L.  CP 66460','SAN NICOLAS','Sierra Tarahumara 772','Cleanmex','FOTOS CLEANMEX','Mutted','FOTOS MUTTED'),
(445,'COMPUTADORA','0',14,'Calle Sierra Tarahumara # 772, Interior 1, Colonia Las Puentes 6 Sector, San Nicolás de los Garza, N.L.  CP 66460','SAN NICOLAS','Sierra Tarahumara 772','Cleanmex','FOTOS CLEANMEX','Mutted','FOTOS MUTTED'),
(446,'IMPRESORA','0',14,'Calle Sierra Tarahumara # 772, Interior 1, Colonia Las Puentes 6 Sector, San Nicolás de los Garza, N.L.  CP 66460','SAN NICOLAS','Sierra Tarahumara 772','Cleanmex','FOTOS CLEANMEX','Mutted','FOTOS MUTTED'),
(447,'TELEVISIÓN','0',14,'Calle Sierra Tarahumara # 772, Interior 1, Colonia Las Puentes 6 Sector, San Nicolás de los Garza, N.L.  CP 66460','SAN NICOLAS','Sierra Tarahumara 772','Cleanmex','FOTOS CLEANMEX','Mutted','FOTOS MUTTED'),
(448,'DISPENSADOR DE AGUA','0',14,'Calle Sierra Tarahumara # 772, Interior 1, Colonia Las Puentes 6 Sector, San Nicolás de los Garza, N.L.  CP 66460','SAN NICOLAS','Sierra Tarahumara 772','Cleanmex','FOTOS CLEANMEX','Mutted','FOTOS MUTTED'),
(449,'VENTILADOR','0',14,'Calle Sierra Tarahumara # 772, Interior 1, Colonia Las Puentes 6 Sector, San Nicolás de los Garza, N.L.  CP 66460','SAN NICOLAS','Sierra Tarahumara 772','Cleanmex','FOTOS CLEANMEX','Mutted','FOTOS MUTTED'),
(450,'BANCO','0',14,'Calle Sierra Tarahumara # 772, Interior 1, Colonia Las Puentes 6 Sector, San Nicolás de los Garza, N.L.  CP 66460','SAN NICOLAS','Sierra Tarahumara 772','Cleanmex','FOTOS CLEANMEX','Mutted','FOTOS MUTTED'),
(451,'CALENTADOR','0',14,'Calle Sierra Tarahumara # 772, Interior 1, Colonia Las Puentes 6 Sector, San Nicolás de los Garza, N.L.  CP 66460','SAN NICOLAS','Sierra Tarahumara 772','Cleanmex','FOTOS CLEANMEX','Mutted','FOTOS MUTTED'),
(452,'ESCRITORIOS','1',14,'Calle Nicolas Bravo #500 Interior A, Colonia Centro San Nicolas, San Nicolas de los Garza, N.L. CP 66400','GUADALUPE','C. Océano Pacífico 333','Seggusa','FOTOS SEGGUSA','Gatre Consultores','FOTOS  GATRE'),
(453,'SILLAS DE ESCRITORIOS','2',14,'Calle Nicolas Bravo #500 Interior A, Colonia Centro San Nicolas, San Nicolas de los Garza, N.L. CP 66400','GUADALUPE','C. Océano Pacífico 333','Seggusa','FOTOS SEGGUSA','Gatre Consultores','FOTOS  GATRE'),
(454,'SILLAS ','0',14,'Calle Nicolas Bravo #500 Interior A, Colonia Centro San Nicolas, San Nicolas de los Garza, N.L. CP 66400','GUADALUPE','C. Océano Pacífico 333','Seggusa','FOTOS SEGGUSA','Gatre Consultores','FOTOS  GATRE'),
(455,'MESA (ESCRITORIO)','0',14,'Calle Nicolas Bravo #500 Interior A, Colonia Centro San Nicolas, San Nicolas de los Garza, N.L. CP 66400','GUADALUPE','C. Océano Pacífico 333','Seggusa','FOTOS SEGGUSA','Gatre Consultores','FOTOS  GATRE'),
(456,'SILLONES','1',14,'Calle Nicolas Bravo #500 Interior A, Colonia Centro San Nicolas, San Nicolas de los Garza, N.L. CP 66400','GUADALUPE','C. Océano Pacífico 333','Seggusa','FOTOS SEGGUSA','Gatre Consultores','FOTOS  GATRE'),
(457,'MESA  DE CENTRO','0',14,'Calle Nicolas Bravo #500 Interior A, Colonia Centro San Nicolas, San Nicolas de los Garza, N.L. CP 66400','GUADALUPE','C. Océano Pacífico 333','Seggusa','FOTOS SEGGUSA','Gatre Consultores','FOTOS  GATRE'),
(458,'CAJONERAS','0',14,'Calle Nicolas Bravo #500 Interior A, Colonia Centro San Nicolas, San Nicolas de los Garza, N.L. CP 66400','GUADALUPE','C. Océano Pacífico 333','Seggusa','FOTOS SEGGUSA','Gatre Consultores','FOTOS  GATRE'),
(459,'ESTANTES','3',14,'Calle Nicolas Bravo #500 Interior A, Colonia Centro San Nicolas, San Nicolas de los Garza, N.L. CP 66400','GUADALUPE','C. Océano Pacífico 333','Seggusa','FOTOS SEGGUSA','Gatre Consultores','FOTOS  GATRE'),
(460,'COMPUTADORA','1',14,'Calle Nicolas Bravo #500 Interior A, Colonia Centro San Nicolas, San Nicolas de los Garza, N.L. CP 66400','GUADALUPE','C. Océano Pacífico 333','Seggusa','FOTOS SEGGUSA','Gatre Consultores','FOTOS  GATRE'),
(461,'IMPRESORA','0',14,'Calle Nicolas Bravo #500 Interior A, Colonia Centro San Nicolas, San Nicolas de los Garza, N.L. CP 66400','GUADALUPE','C. Océano Pacífico 333','Seggusa','FOTOS SEGGUSA','Gatre Consultores','FOTOS  GATRE'),
(462,'TELEVISIÓN','0',14,'Calle Nicolas Bravo #500 Interior A, Colonia Centro San Nicolas, San Nicolas de los Garza, N.L. CP 66400','GUADALUPE','C. Océano Pacífico 333','Seggusa','FOTOS SEGGUSA','Gatre Consultores','FOTOS  GATRE'),
(463,'DISPENSADOR DE AGUA','0',14,'Calle Nicolas Bravo #500 Interior A, Colonia Centro San Nicolas, San Nicolas de los Garza, N.L. CP 66400','GUADALUPE','C. Océano Pacífico 333','Seggusa','FOTOS SEGGUSA','Gatre Consultores','FOTOS  GATRE'),
(464,'VENTILADOR','0',14,'Calle Nicolas Bravo #500 Interior A, Colonia Centro San Nicolas, San Nicolas de los Garza, N.L. CP 66400','GUADALUPE','C. Océano Pacífico 333','Seggusa','FOTOS SEGGUSA','Gatre Consultores','FOTOS  GATRE'),
(465,'BANCO','0',14,'Calle Nicolas Bravo #500 Interior A, Colonia Centro San Nicolas, San Nicolas de los Garza, N.L. CP 66400','GUADALUPE','C. Océano Pacífico 333','Seggusa','FOTOS SEGGUSA','Gatre Consultores','FOTOS  GATRE'),
(466,'CALENTADOR','0',14,'Calle Nicolas Bravo #500 Interior A, Colonia Centro San Nicolas, San Nicolas de los Garza, N.L. CP 66400','GUADALUPE','C. Océano Pacífico 333','Seggusa','FOTOS SEGGUSA','Gatre Consultores','FOTOS  GATRE'),
(467,'ESCRITORIOS','2',14,'Carretera Mezquital Santa Rosa # 218 Col. Balcones de Santa Rosa, Apodaca, NL. Cp. 66610','APODACA','Miro 501','Vanto','FOTOS VANTO','Gayu','FOTOS GAYU'),
(468,'SILLAS DE ESCRITORIOS','4',14,'Carretera Mezquital Santa Rosa # 218 Col. Balcones de Santa Rosa, Apodaca, NL. Cp. 66610','APODACA','Miro 501','Vanto','FOTOS VANTO','Gayu','FOTOS GAYU'),
(469,'SILLAS ','0',14,'Carretera Mezquital Santa Rosa # 218 Col. Balcones de Santa Rosa, Apodaca, NL. Cp. 66610','APODACA','Miro 501','Vanto','FOTOS VANTO','Gayu','FOTOS GAYU'),
(470,'MESA (ESCRITORIO)','1',14,'Carretera Mezquital Santa Rosa # 218 Col. Balcones de Santa Rosa, Apodaca, NL. Cp. 66610','APODACA','Miro 501','Vanto','FOTOS VANTO','Gayu','FOTOS GAYU'),
(471,'SILLONES','0',14,'Carretera Mezquital Santa Rosa # 218 Col. Balcones de Santa Rosa, Apodaca, NL. Cp. 66610','APODACA','Miro 501','Vanto','FOTOS VANTO','Gayu','FOTOS GAYU'),
(472,'MESA  DE CENTRO','0',14,'Carretera Mezquital Santa Rosa # 218 Col. Balcones de Santa Rosa, Apodaca, NL. Cp. 66610','APODACA','Miro 501','Vanto','FOTOS VANTO','Gayu','FOTOS GAYU'),
(473,'CAJONERAS','0',14,'Carretera Mezquital Santa Rosa # 218 Col. Balcones de Santa Rosa, Apodaca, NL. Cp. 66610','APODACA','Miro 501','Vanto','FOTOS VANTO','Gayu','FOTOS GAYU'),
(474,'ESTANTES','1',14,'Carretera Mezquital Santa Rosa # 218 Col. Balcones de Santa Rosa, Apodaca, NL. Cp. 66610','APODACA','Miro 501','Vanto','FOTOS VANTO','Gayu','FOTOS GAYU'),
(475,'COMPUTADORA','2',14,'Carretera Mezquital Santa Rosa # 218 Col. Balcones de Santa Rosa, Apodaca, NL. Cp. 66610','APODACA','Miro 501','Vanto','FOTOS VANTO','Gayu','FOTOS GAYU'),
(476,'IMPRESORA','0',14,'Carretera Mezquital Santa Rosa # 218 Col. Balcones de Santa Rosa, Apodaca, NL. Cp. 66610','APODACA','Miro 501','Vanto','FOTOS VANTO','Gayu','FOTOS GAYU'),
(477,'TELEVISIÓN','0',14,'Carretera Mezquital Santa Rosa # 218 Col. Balcones de Santa Rosa, Apodaca, NL. Cp. 66610','APODACA','Miro 501','Vanto','FOTOS VANTO','Gayu','FOTOS GAYU'),
(478,'DISPENSADOR DE AGUA','0',14,'Carretera Mezquital Santa Rosa # 218 Col. Balcones de Santa Rosa, Apodaca, NL. Cp. 66610','APODACA','Miro 501','Vanto','FOTOS VANTO','Gayu','FOTOS GAYU'),
(479,'VENTILADOR','0',14,'Carretera Mezquital Santa Rosa # 218 Col. Balcones de Santa Rosa, Apodaca, NL. Cp. 66610','APODACA','Miro 501','Vanto','FOTOS VANTO','Gayu','FOTOS GAYU'),
(480,'BANCO','0',14,'Carretera Mezquital Santa Rosa # 218 Col. Balcones de Santa Rosa, Apodaca, NL. Cp. 66610','APODACA','Miro 501','Vanto','FOTOS VANTO','Gayu','FOTOS GAYU'),
(481,'CALENTADOR','0',14,'Carretera Mezquital Santa Rosa # 218 Col. Balcones de Santa Rosa, Apodaca, NL. Cp. 66610','APODACA','Miro 501','Vanto','FOTOS VANTO','Gayu','FOTOS GAYU'),
(482,'ESCRITORIOS','1',14,'Calle Miro # 501, Local D, Colonia Mision Real, Apodaca, Nuevo León. Cp. 66640','SAN NICOLAS','25° 45\' 25.6\" N 100° 17\' 18.8002\" W','Terranova10','FOTOS TERRANOVA10','QTR','FOTOS QTR'),
(483,'SILLAS DE ESCRITORIOS','2',14,'Calle Miro # 501, Local D, Colonia Mision Real, Apodaca, Nuevo León. Cp. 66640','SAN NICOLAS','25° 45\' 25.6\" N 100° 17\' 18.8002\" W','Terranova10','FOTOS TERRANOVA10','QTR','FOTOS QTR'),
(484,'SILLAS ','2',14,'Calle Miro # 501, Local D, Colonia Mision Real, Apodaca, Nuevo León. Cp. 66640','SAN NICOLAS','25° 45\' 25.6\" N 100° 17\' 18.8002\" W','Terranova10','FOTOS TERRANOVA10','QTR','FOTOS QTR'),
(485,'MESA (ESCRITORIO)','1',14,'Calle Miro # 501, Local D, Colonia Mision Real, Apodaca, Nuevo León. Cp. 66640','SAN NICOLAS','25° 45\' 25.6\" N 100° 17\' 18.8002\" W','Terranova10','FOTOS TERRANOVA10','QTR','FOTOS QTR'),
(486,'SILLONES','0',14,'Calle Miro # 501, Local D, Colonia Mision Real, Apodaca, Nuevo León. Cp. 66640','SAN NICOLAS','25° 45\' 25.6\" N 100° 17\' 18.8002\" W','Terranova10','FOTOS TERRANOVA10','QTR','FOTOS QTR'),
(487,'MESA  DE CENTRO','0',14,'Calle Miro # 501, Local D, Colonia Mision Real, Apodaca, Nuevo León. Cp. 66640','SAN NICOLAS','25° 45\' 25.6\" N 100° 17\' 18.8002\" W','Terranova10','FOTOS TERRANOVA10','QTR','FOTOS QTR'),
(488,'CAJONERAS','0',14,'Calle Miro # 501, Local D, Colonia Mision Real, Apodaca, Nuevo León. Cp. 66640','SAN NICOLAS','25° 45\' 25.6\" N 100° 17\' 18.8002\" W','Terranova10','FOTOS TERRANOVA10','QTR','FOTOS QTR'),
(489,'ESTANTES','2',14,'Calle Miro # 501, Local D, Colonia Mision Real, Apodaca, Nuevo León. Cp. 66640','SAN NICOLAS','25° 45\' 25.6\" N 100° 17\' 18.8002\" W','Terranova10','FOTOS TERRANOVA10','QTR','FOTOS QTR'),
(490,'COMPUTADORA','0',14,'Calle Miro # 501, Local D, Colonia Mision Real, Apodaca, Nuevo León. Cp. 66640','SAN NICOLAS','25° 45\' 25.6\" N 100° 17\' 18.8002\" W','Terranova10','FOTOS TERRANOVA10','QTR','FOTOS QTR'),
(491,'IMPRESORA','0',14,'Calle Miro # 501, Local D, Colonia Mision Real, Apodaca, Nuevo León. Cp. 66640','SAN NICOLAS','25° 45\' 25.6\" N 100° 17\' 18.8002\" W','Terranova10','FOTOS TERRANOVA10','QTR','FOTOS QTR'),
(492,'TELEVISIÓN','0',14,'Calle Miro # 501, Local D, Colonia Mision Real, Apodaca, Nuevo León. Cp. 66640','SAN NICOLAS','25° 45\' 25.6\" N 100° 17\' 18.8002\" W','Terranova10','FOTOS TERRANOVA10','QTR','FOTOS QTR'),
(493,'DISPENSADOR DE AGUA','0',14,'Calle Miro # 501, Local D, Colonia Mision Real, Apodaca, Nuevo León. Cp. 66640','SAN NICOLAS','25° 45\' 25.6\" N 100° 17\' 18.8002\" W','Terranova10','FOTOS TERRANOVA10','QTR','FOTOS QTR'),
(494,'VENTILADOR','0',14,'Calle Miro # 501, Local D, Colonia Mision Real, Apodaca, Nuevo León. Cp. 66640','SAN NICOLAS','25° 45\' 25.6\" N 100° 17\' 18.8002\" W','Terranova10','FOTOS TERRANOVA10','QTR','FOTOS QTR'),
(495,'BANCO','0',14,'Calle Miro # 501, Local D, Colonia Mision Real, Apodaca, Nuevo León. Cp. 66640','SAN NICOLAS','25° 45\' 25.6\" N 100° 17\' 18.8002\" W','Terranova10','FOTOS TERRANOVA10','QTR','FOTOS QTR'),
(496,'CALENTADOR','0',14,'Calle Miro # 501, Local D, Colonia Mision Real, Apodaca, Nuevo León. Cp. 66640','SAN NICOLAS','25° 45\' 25.6\" N 100° 17\' 18.8002\" W','Terranova10','FOTOS TERRANOVA10','QTR','FOTOS QTR'),
(497,'ESCRITORIOS','2',14,'Calle Oceano Pacifico #333 Local 9, Colonia Los Cristales, Guadalupe, Nuevo León. Cp. 67117','APODACA','Cam. Mezquital-santa Rosa 218','BQ7','FOTOS BQ7','Backcom','FOTOS BACKCOM'),
(498,'SILLAS DE ESCRITORIOS','2',14,'Calle Oceano Pacifico #333 Local 9, Colonia Los Cristales, Guadalupe, Nuevo León. Cp. 67117','APODACA','Cam. Mezquital-santa Rosa 218','BQ7','FOTOS BQ7','Backcom','FOTOS BACKCOM'),
(499,'SILLAS ','2',14,'Calle Oceano Pacifico #333 Local 9, Colonia Los Cristales, Guadalupe, Nuevo León. Cp. 67117','APODACA','Cam. Mezquital-santa Rosa 218','BQ7','FOTOS BQ7','Backcom','FOTOS BACKCOM'),
(500,'MESA (ESCRITORIO)','0',14,'Calle Oceano Pacifico #333 Local 9, Colonia Los Cristales, Guadalupe, Nuevo León. Cp. 67117','APODACA','Cam. Mezquital-santa Rosa 218','BQ7','FOTOS BQ7','Backcom','FOTOS BACKCOM'),
(501,'SILLONES','1',14,'Calle Oceano Pacifico #333 Local 9, Colonia Los Cristales, Guadalupe, Nuevo León. Cp. 67117','APODACA','Cam. Mezquital-santa Rosa 218','BQ7','FOTOS BQ7','Backcom','FOTOS BACKCOM'),
(502,'MESA  DE CENTRO','0',14,'Calle Oceano Pacifico #333 Local 9, Colonia Los Cristales, Guadalupe, Nuevo León. Cp. 67117','APODACA','Cam. Mezquital-santa Rosa 218','BQ7','FOTOS BQ7','Backcom','FOTOS BACKCOM'),
(503,'CAJONERAS','0',14,'Calle Oceano Pacifico #333 Local 9, Colonia Los Cristales, Guadalupe, Nuevo León. Cp. 67117','APODACA','Cam. Mezquital-santa Rosa 218','BQ7','FOTOS BQ7','Backcom','FOTOS BACKCOM'),
(504,'ESTANTES','1',14,'Calle Oceano Pacifico #333 Local 9, Colonia Los Cristales, Guadalupe, Nuevo León. Cp. 67117','APODACA','Cam. Mezquital-santa Rosa 218','BQ7','FOTOS BQ7','Backcom','FOTOS BACKCOM'),
(505,'COMPUTADORA','0',14,'Calle Oceano Pacifico #333 Local 9, Colonia Los Cristales, Guadalupe, Nuevo León. Cp. 67117','APODACA','Cam. Mezquital-santa Rosa 218','BQ7','FOTOS BQ7','Backcom','FOTOS BACKCOM'),
(506,'IMPRESORA','0',14,'Calle Oceano Pacifico #333 Local 9, Colonia Los Cristales, Guadalupe, Nuevo León. Cp. 67117','APODACA','Cam. Mezquital-santa Rosa 218','BQ7','FOTOS BQ7','Backcom','FOTOS BACKCOM'),
(507,'TELEVISIÓN','0',14,'Calle Oceano Pacifico #333 Local 9, Colonia Los Cristales, Guadalupe, Nuevo León. Cp. 67117','APODACA','Cam. Mezquital-santa Rosa 218','BQ7','FOTOS BQ7','Backcom','FOTOS BACKCOM'),
(508,'DISPENSADOR DE AGUA','0',14,'Calle Oceano Pacifico #333 Local 9, Colonia Los Cristales, Guadalupe, Nuevo León. Cp. 67117','APODACA','Cam. Mezquital-santa Rosa 218','BQ7','FOTOS BQ7','Backcom','FOTOS BACKCOM'),
(509,'VENTILADOR','0',14,'Calle Oceano Pacifico #333 Local 9, Colonia Los Cristales, Guadalupe, Nuevo León. Cp. 67117','APODACA','Cam. Mezquital-santa Rosa 218','BQ7','FOTOS BQ7','Backcom','FOTOS BACKCOM'),
(510,'BANCO','0',14,'Calle Oceano Pacifico #333 Local 9, Colonia Los Cristales, Guadalupe, Nuevo León. Cp. 67117','APODACA','Cam. Mezquital-santa Rosa 218','BQ7','FOTOS BQ7','Backcom','FOTOS BACKCOM'),
(511,'CALENTADOR','0',14,'Calle Oceano Pacifico #333 Local 9, Colonia Los Cristales, Guadalupe, Nuevo León. Cp. 67117','APODACA','Cam. Mezquital-santa Rosa 218','BQ7','FOTOS BQ7','Backcom','FOTOS BACKCOM'),
(512,'ESCRITORIOS','2',14,'Calle Paseo del Acueducto #6772 Local 7, Col. Satelite Acueducto Sexto Sector, Monterrey, Nuevo León C.P. 64968','MONTERREY','P.º del Acueducto 6772','Driscoll','FOTOS DRISCOLL','Mabbo','FOTOS MABBO'),
(513,'SILLAS DE ESCRITORIOS','3',14,'Calle Paseo del Acueducto #6772 Local 7, Col. Satelite Acueducto Sexto Sector, Monterrey, Nuevo León C.P. 64968','MONTERREY','P.º del Acueducto 6772','Driscoll','FOTOS DRISCOLL','Mabbo','FOTOS MABBO'),
(514,'SILLAS ','2',14,'Calle Paseo del Acueducto #6772 Local 7, Col. Satelite Acueducto Sexto Sector, Monterrey, Nuevo León C.P. 64968','MONTERREY','P.º del Acueducto 6772','Driscoll','FOTOS DRISCOLL','Mabbo','FOTOS MABBO'),
(515,'MESA (ESCRITORIO)','1',14,'Calle Paseo del Acueducto #6772 Local 7, Col. Satelite Acueducto Sexto Sector, Monterrey, Nuevo León C.P. 64968','MONTERREY','P.º del Acueducto 6772','Driscoll','FOTOS DRISCOLL','Mabbo','FOTOS MABBO'),
(516,'SILLONES','1',14,'Calle Paseo del Acueducto #6772 Local 7, Col. Satelite Acueducto Sexto Sector, Monterrey, Nuevo León C.P. 64968','MONTERREY','P.º del Acueducto 6772','Driscoll','FOTOS DRISCOLL','Mabbo','FOTOS MABBO'),
(517,'MESA  DE CENTRO','0',14,'Calle Paseo del Acueducto #6772 Local 7, Col. Satelite Acueducto Sexto Sector, Monterrey, Nuevo León C.P. 64968','MONTERREY','P.º del Acueducto 6772','Driscoll','FOTOS DRISCOLL','Mabbo','FOTOS MABBO'),
(518,'CAJONERAS','0',14,'Calle Paseo del Acueducto #6772 Local 7, Col. Satelite Acueducto Sexto Sector, Monterrey, Nuevo León C.P. 64968','MONTERREY','P.º del Acueducto 6772','Driscoll','FOTOS DRISCOLL','Mabbo','FOTOS MABBO'),
(519,'ESTANTES','1',14,'Calle Paseo del Acueducto #6772 Local 7, Col. Satelite Acueducto Sexto Sector, Monterrey, Nuevo León C.P. 64968','MONTERREY','P.º del Acueducto 6772','Driscoll','FOTOS DRISCOLL','Mabbo','FOTOS MABBO'),
(520,'COMPUTADORA','1',14,'Calle Paseo del Acueducto #6772 Local 7, Col. Satelite Acueducto Sexto Sector, Monterrey, Nuevo León C.P. 64968','MONTERREY','P.º del Acueducto 6772','Driscoll','FOTOS DRISCOLL','Mabbo','FOTOS MABBO'),
(521,'IMPRESORA','0',14,'Calle Paseo del Acueducto #6772 Local 7, Col. Satelite Acueducto Sexto Sector, Monterrey, Nuevo León C.P. 64968','MONTERREY','P.º del Acueducto 6772','Driscoll','FOTOS DRISCOLL','Mabbo','FOTOS MABBO'),
(522,'TELEVISIÓN','0',14,'Calle Paseo del Acueducto #6772 Local 7, Col. Satelite Acueducto Sexto Sector, Monterrey, Nuevo León C.P. 64968','MONTERREY','P.º del Acueducto 6772','Driscoll','FOTOS DRISCOLL','Mabbo','FOTOS MABBO'),
(523,'DISPENSADOR DE AGUA','1',14,'Calle Paseo del Acueducto #6772 Local 7, Col. Satelite Acueducto Sexto Sector, Monterrey, Nuevo León C.P. 64968','MONTERREY','P.º del Acueducto 6772','Driscoll','FOTOS DRISCOLL','Mabbo','FOTOS MABBO'),
(524,'VENTILADOR','0',14,'Calle Paseo del Acueducto #6772 Local 7, Col. Satelite Acueducto Sexto Sector, Monterrey, Nuevo León C.P. 64968','MONTERREY','P.º del Acueducto 6772','Driscoll','FOTOS DRISCOLL','Mabbo','FOTOS MABBO'),
(525,'BANCO','0',14,'Calle Paseo del Acueducto #6772 Local 7, Col. Satelite Acueducto Sexto Sector, Monterrey, Nuevo León C.P. 64968','MONTERREY','P.º del Acueducto 6772','Driscoll','FOTOS DRISCOLL','Mabbo','FOTOS MABBO'),
(526,'CALENTADOR','0',14,'Calle Paseo del Acueducto #6772 Local 7, Col. Satelite Acueducto Sexto Sector, Monterrey, Nuevo León C.P. 64968','MONTERREY','P.º del Acueducto 6772','Driscoll','FOTOS DRISCOLL','Mabbo','FOTOS MABBO'),
(527,'ESCRITORIOS','2',14,'Av. Lazaro Cardenas # 4320, Colonia Las Torres, Monterrey Nuevo León, CP 64103','MONTERREY','Av Lázaro Cárdenas 4320','AFB','FOTOS AFB','Gravmark','FOTOS GRAVMARK'),
(528,'SILLAS DE ESCRITORIOS','3',14,'Av. Lazaro Cardenas # 4320, Colonia Las Torres, Monterrey Nuevo León, CP 64103','MONTERREY','Av Lázaro Cárdenas 4320','AFB','FOTOS AFB','Gravmark','FOTOS GRAVMARK'),
(529,'SILLAS ','1',14,'Av. Lazaro Cardenas # 4320, Colonia Las Torres, Monterrey Nuevo León, CP 64103','MONTERREY','Av Lázaro Cárdenas 4320','AFB','FOTOS AFB','Gravmark','FOTOS GRAVMARK'),
(530,'MESA (ESCRITORIO)','1',14,'Av. Lazaro Cardenas # 4320, Colonia Las Torres, Monterrey Nuevo León, CP 64103','MONTERREY','Av Lázaro Cárdenas 4320','AFB','FOTOS AFB','Gravmark','FOTOS GRAVMARK'),
(531,'SILLONES','0',14,'Av. Lazaro Cardenas # 4320, Colonia Las Torres, Monterrey Nuevo León, CP 64103','MONTERREY','Av Lázaro Cárdenas 4320','AFB','FOTOS AFB','Gravmark','FOTOS GRAVMARK'),
(532,'MESA  DE CENTRO','0',14,'Av. Lazaro Cardenas # 4320, Colonia Las Torres, Monterrey Nuevo León, CP 64103','MONTERREY','Av Lázaro Cárdenas 4320','AFB','FOTOS AFB','Gravmark','FOTOS GRAVMARK'),
(533,'CAJONERAS','0',14,'Av. Lazaro Cardenas # 4320, Colonia Las Torres, Monterrey Nuevo León, CP 64103','MONTERREY','Av Lázaro Cárdenas 4320','AFB','FOTOS AFB','Gravmark','FOTOS GRAVMARK'),
(534,'ESTANTES','2',14,'Av. Lazaro Cardenas # 4320, Colonia Las Torres, Monterrey Nuevo León, CP 64103','MONTERREY','Av Lázaro Cárdenas 4320','AFB','FOTOS AFB','Gravmark','FOTOS GRAVMARK'),
(535,'COMPUTADORA','2',14,'Av. Lazaro Cardenas # 4320, Colonia Las Torres, Monterrey Nuevo León, CP 64103','MONTERREY','Av Lázaro Cárdenas 4320','AFB','FOTOS AFB','Gravmark','FOTOS GRAVMARK'),
(536,'IMPRESORA','0',14,'Av. Lazaro Cardenas # 4320, Colonia Las Torres, Monterrey Nuevo León, CP 64103','MONTERREY','Av Lázaro Cárdenas 4320','AFB','FOTOS AFB','Gravmark','FOTOS GRAVMARK'),
(537,'TELEVISIÓN','0',14,'Av. Lazaro Cardenas # 4320, Colonia Las Torres, Monterrey Nuevo León, CP 64103','MONTERREY','Av Lázaro Cárdenas 4320','AFB','FOTOS AFB','Gravmark','FOTOS GRAVMARK'),
(538,'DISPENSADOR DE AGUA','0',14,'Av. Lazaro Cardenas # 4320, Colonia Las Torres, Monterrey Nuevo León, CP 64103','MONTERREY','Av Lázaro Cárdenas 4320','AFB','FOTOS AFB','Gravmark','FOTOS GRAVMARK'),
(539,'VENTILADOR','0',14,'Av. Lazaro Cardenas # 4320, Colonia Las Torres, Monterrey Nuevo León, CP 64103','MONTERREY','Av Lázaro Cárdenas 4320','AFB','FOTOS AFB','Gravmark','FOTOS GRAVMARK'),
(540,'BANCO','0',14,'Av. Lazaro Cardenas # 4320, Colonia Las Torres, Monterrey Nuevo León, CP 64103','MONTERREY','Av Lázaro Cárdenas 4320','AFB','FOTOS AFB','Gravmark','FOTOS GRAVMARK'),
(541,'CALENTADOR','0',14,'Av. Lazaro Cardenas # 4320, Colonia Las Torres, Monterrey Nuevo León, CP 64103','MONTERREY','Av Lázaro Cárdenas 4320','AFB','FOTOS AFB','Gravmark','FOTOS GRAVMARK'),
(542,'ESCRITORIOS','3',14,'Av. Lázaro Cárdenas #4223 A Loc 7 Colonia Contry la Silla, Monterrey, N.L. Cp. 67173','MONTERREY','Av Lázaro Cárdenas 4223','CRT','FOTOS CRT','Bogant','FOTOS BOGANT'),
(543,'SILLAS DE ESCRITORIOS','2',14,'Av. Lázaro Cárdenas #4223 A Loc 7 Colonia Contry la Silla, Monterrey, N.L. Cp. 67173','MONTERREY','Av Lázaro Cárdenas 4223','CRT','FOTOS CRT','Bogant','FOTOS BOGANT'),
(544,'SILLAS ','6',14,'Av. Lázaro Cárdenas #4223 A Loc 7 Colonia Contry la Silla, Monterrey, N.L. Cp. 67173','MONTERREY','Av Lázaro Cárdenas 4223','CRT','FOTOS CRT','Bogant','FOTOS BOGANT'),
(545,'MESA (ESCRITORIO)','1',14,'Av. Lázaro Cárdenas #4223 A Loc 7 Colonia Contry la Silla, Monterrey, N.L. Cp. 67173','MONTERREY','Av Lázaro Cárdenas 4223','CRT','FOTOS CRT','Bogant','FOTOS BOGANT'),
(546,'SILLONES','1',14,'Av. Lázaro Cárdenas #4223 A Loc 7 Colonia Contry la Silla, Monterrey, N.L. Cp. 67173','MONTERREY','Av Lázaro Cárdenas 4223','CRT','FOTOS CRT','Bogant','FOTOS BOGANT'),
(547,'MESA  DE CENTRO','0',14,'Av. Lázaro Cárdenas #4223 A Loc 7 Colonia Contry la Silla, Monterrey, N.L. Cp. 67173','MONTERREY','Av Lázaro Cárdenas 4223','CRT','FOTOS CRT','Bogant','FOTOS BOGANT'),
(548,'CAJONERAS','0',14,'Av. Lázaro Cárdenas #4223 A Loc 7 Colonia Contry la Silla, Monterrey, N.L. Cp. 67173','MONTERREY','Av Lázaro Cárdenas 4223','CRT','FOTOS CRT','Bogant','FOTOS BOGANT'),
(549,'ESTANTES','4',14,'Av. Lázaro Cárdenas #4223 A Loc 7 Colonia Contry la Silla, Monterrey, N.L. Cp. 67173','MONTERREY','Av Lázaro Cárdenas 4223','CRT','FOTOS CRT','Bogant','FOTOS BOGANT'),
(550,'COMPUTADORA','1',14,'Av. Lázaro Cárdenas #4223 A Loc 7 Colonia Contry la Silla, Monterrey, N.L. Cp. 67173','MONTERREY','Av Lázaro Cárdenas 4223','CRT','FOTOS CRT','Bogant','FOTOS BOGANT'),
(551,'IMPRESORA','0',14,'Av. Lázaro Cárdenas #4223 A Loc 7 Colonia Contry la Silla, Monterrey, N.L. Cp. 67173','MONTERREY','Av Lázaro Cárdenas 4223','CRT','FOTOS CRT','Bogant','FOTOS BOGANT'),
(552,'TELEVISIÓN','0',14,'Av. Lázaro Cárdenas #4223 A Loc 7 Colonia Contry la Silla, Monterrey, N.L. Cp. 67173','MONTERREY','Av Lázaro Cárdenas 4223','CRT','FOTOS CRT','Bogant','FOTOS BOGANT'),
(553,'DISPENSADOR DE AGUA','0',14,'Av. Lázaro Cárdenas #4223 A Loc 7 Colonia Contry la Silla, Monterrey, N.L. Cp. 67173','MONTERREY','Av Lázaro Cárdenas 4223','CRT','FOTOS CRT','Bogant','FOTOS BOGANT'),
(554,'VENTILADOR','0',14,'Av. Lázaro Cárdenas #4223 A Loc 7 Colonia Contry la Silla, Monterrey, N.L. Cp. 67173','MONTERREY','Av Lázaro Cárdenas 4223','CRT','FOTOS CRT','Bogant','FOTOS BOGANT'),
(555,'BANCO','0',14,'Av. Lázaro Cárdenas #4223 A Loc 7 Colonia Contry la Silla, Monterrey, N.L. Cp. 67173','MONTERREY','Av Lázaro Cárdenas 4223','CRT','FOTOS CRT','Bogant','FOTOS BOGANT'),
(556,'CALENTADOR','0',14,'Av. Lázaro Cárdenas #4223 A Loc 7 Colonia Contry la Silla, Monterrey, N.L. Cp. 67173','MONTERREY','Av Lázaro Cárdenas 4223','CRT','FOTOS CRT','Bogant','FOTOS BOGANT'),
(557,'ESCRITORIOS','2',14,'Calle Puerto San Blas #4200, Local 5, Colonia Las Brisas, Monterrey, N.L. Cp. 64780','MONTERREY','Puerto San Blas 4200','Fidelis','FOTOS FIDELIS','Ofimex','FOTOS OFIMEX'),
(558,'SILLAS DE ESCRITORIOS','2',14,'Calle Puerto San Blas #4200, Local 5, Colonia Las Brisas, Monterrey, N.L. Cp. 64780','MONTERREY','Puerto San Blas 4200','Fidelis','FOTOS FIDELIS','Ofimex','FOTOS OFIMEX'),
(559,'SILLAS ','4',14,'Calle Puerto San Blas #4200, Local 5, Colonia Las Brisas, Monterrey, N.L. Cp. 64780','MONTERREY','Puerto San Blas 4200','Fidelis','FOTOS FIDELIS','Ofimex','FOTOS OFIMEX'),
(560,'MESA (ESCRITORIO)','1',14,'Calle Puerto San Blas #4200, Local 5, Colonia Las Brisas, Monterrey, N.L. Cp. 64780','MONTERREY','Puerto San Blas 4200','Fidelis','FOTOS FIDELIS','Ofimex','FOTOS OFIMEX'),
(561,'SILLONES','0',14,'Calle Puerto San Blas #4200, Local 5, Colonia Las Brisas, Monterrey, N.L. Cp. 64780','MONTERREY','Puerto San Blas 4200','Fidelis','FOTOS FIDELIS','Ofimex','FOTOS OFIMEX'),
(562,'MESA  DE CENTRO','0',14,'Calle Puerto San Blas #4200, Local 5, Colonia Las Brisas, Monterrey, N.L. Cp. 64780','MONTERREY','Puerto San Blas 4200','Fidelis','FOTOS FIDELIS','Ofimex','FOTOS OFIMEX'),
(563,'CAJONERAS','0',14,'Calle Puerto San Blas #4200, Local 5, Colonia Las Brisas, Monterrey, N.L. Cp. 64780','MONTERREY','Puerto San Blas 4200','Fidelis','FOTOS FIDELIS','Ofimex','FOTOS OFIMEX'),
(564,'ESTANTES','3',14,'Calle Puerto San Blas #4200, Local 5, Colonia Las Brisas, Monterrey, N.L. Cp. 64780','MONTERREY','Puerto San Blas 4200','Fidelis','FOTOS FIDELIS','Ofimex','FOTOS OFIMEX'),
(565,'COMPUTADORA','1',14,'Calle Puerto San Blas #4200, Local 5, Colonia Las Brisas, Monterrey, N.L. Cp. 64780','MONTERREY','Puerto San Blas 4200','Fidelis','FOTOS FIDELIS','Ofimex','FOTOS OFIMEX'),
(566,'IMPRESORA','0',14,'Calle Puerto San Blas #4200, Local 5, Colonia Las Brisas, Monterrey, N.L. Cp. 64780','MONTERREY','Puerto San Blas 4200','Fidelis','FOTOS FIDELIS','Ofimex','FOTOS OFIMEX'),
(567,'TELEVISIÓN','0',14,'Calle Puerto San Blas #4200, Local 5, Colonia Las Brisas, Monterrey, N.L. Cp. 64780','MONTERREY','Puerto San Blas 4200','Fidelis','FOTOS FIDELIS','Ofimex','FOTOS OFIMEX'),
(568,'DISPENSADOR DE AGUA','0',14,'Calle Puerto San Blas #4200, Local 5, Colonia Las Brisas, Monterrey, N.L. Cp. 64780','MONTERREY','Puerto San Blas 4200','Fidelis','FOTOS FIDELIS','Ofimex','FOTOS OFIMEX'),
(569,'VENTILADOR','0',14,'Calle Puerto San Blas #4200, Local 5, Colonia Las Brisas, Monterrey, N.L. Cp. 64780','MONTERREY','Puerto San Blas 4200','Fidelis','FOTOS FIDELIS','Ofimex','FOTOS OFIMEX'),
(570,'BANCO','0',14,'Calle Puerto San Blas #4200, Local 5, Colonia Las Brisas, Monterrey, N.L. Cp. 64780','MONTERREY','Puerto San Blas 4200','Fidelis','FOTOS FIDELIS','Ofimex','FOTOS OFIMEX'),
(571,'CALENTADOR','0',14,'Calle Puerto San Blas #4200, Local 5, Colonia Las Brisas, Monterrey, N.L. Cp. 64780','MONTERREY','Puerto San Blas 4200','Fidelis','FOTOS FIDELIS','Ofimex','FOTOS OFIMEX'),
(572,'ESCRITORIOS','2',14,'Calle Paseo del Acueducto 6772 L5 Col. Satelite Acueducto 6 Sector, Monterrey, Nuevo León C.P. 64968','MONTERREY','25° 35\' 35.0052\" N 100° 15\' 58.5706\" W','Alfarey','FOTOS ALFAREY','Sagge','FOTOS SAGGE'),
(573,'SILLAS DE ESCRITORIOS','2',14,'Calle Paseo del Acueducto 6772 L5 Col. Satelite Acueducto 6 Sector, Monterrey, Nuevo León C.P. 64968','MONTERREY','25° 35\' 35.0052\" N 100° 15\' 58.5706\" W','Alfarey','FOTOS ALFAREY','Sagge','FOTOS SAGGE'),
(574,'SILLAS ','2',14,'Calle Paseo del Acueducto 6772 L5 Col. Satelite Acueducto 6 Sector, Monterrey, Nuevo León C.P. 64968','MONTERREY','25° 35\' 35.0052\" N 100° 15\' 58.5706\" W','Alfarey','FOTOS ALFAREY','Sagge','FOTOS SAGGE'),
(575,'MESA (ESCRITORIO)','0',14,'Calle Paseo del Acueducto 6772 L5 Col. Satelite Acueducto 6 Sector, Monterrey, Nuevo León C.P. 64968','MONTERREY','25° 35\' 35.0052\" N 100° 15\' 58.5706\" W','Alfarey','FOTOS ALFAREY','Sagge','FOTOS SAGGE'),
(576,'SILLONES','0',14,'Calle Paseo del Acueducto 6772 L5 Col. Satelite Acueducto 6 Sector, Monterrey, Nuevo León C.P. 64968','MONTERREY','25° 35\' 35.0052\" N 100° 15\' 58.5706\" W','Alfarey','FOTOS ALFAREY','Sagge','FOTOS SAGGE'),
(577,'MESA  DE CENTRO','0',14,'Calle Paseo del Acueducto 6772 L5 Col. Satelite Acueducto 6 Sector, Monterrey, Nuevo León C.P. 64968','MONTERREY','25° 35\' 35.0052\" N 100° 15\' 58.5706\" W','Alfarey','FOTOS ALFAREY','Sagge','FOTOS SAGGE'),
(578,'CAJONERAS','0',14,'Calle Paseo del Acueducto 6772 L5 Col. Satelite Acueducto 6 Sector, Monterrey, Nuevo León C.P. 64968','MONTERREY','25° 35\' 35.0052\" N 100° 15\' 58.5706\" W','Alfarey','FOTOS ALFAREY','Sagge','FOTOS SAGGE'),
(579,'ESTANTES','0',14,'Calle Paseo del Acueducto 6772 L5 Col. Satelite Acueducto 6 Sector, Monterrey, Nuevo León C.P. 64968','MONTERREY','25° 35\' 35.0052\" N 100° 15\' 58.5706\" W','Alfarey','FOTOS ALFAREY','Sagge','FOTOS SAGGE'),
(580,'COMPUTADORA','1',14,'Calle Paseo del Acueducto 6772 L5 Col. Satelite Acueducto 6 Sector, Monterrey, Nuevo León C.P. 64968','MONTERREY','25° 35\' 35.0052\" N 100° 15\' 58.5706\" W','Alfarey','FOTOS ALFAREY','Sagge','FOTOS SAGGE'),
(581,'IMPRESORA','0',14,'Calle Paseo del Acueducto 6772 L5 Col. Satelite Acueducto 6 Sector, Monterrey, Nuevo León C.P. 64968','MONTERREY','25° 35\' 35.0052\" N 100° 15\' 58.5706\" W','Alfarey','FOTOS ALFAREY','Sagge','FOTOS SAGGE'),
(582,'TELEVISIÓN','0',14,'Calle Paseo del Acueducto 6772 L5 Col. Satelite Acueducto 6 Sector, Monterrey, Nuevo León C.P. 64968','MONTERREY','25° 35\' 35.0052\" N 100° 15\' 58.5706\" W','Alfarey','FOTOS ALFAREY','Sagge','FOTOS SAGGE'),
(583,'DISPENSADOR DE AGUA','0',14,'Calle Paseo del Acueducto 6772 L5 Col. Satelite Acueducto 6 Sector, Monterrey, Nuevo León C.P. 64968','MONTERREY','25° 35\' 35.0052\" N 100° 15\' 58.5706\" W','Alfarey','FOTOS ALFAREY','Sagge','FOTOS SAGGE'),
(584,'VENTILADOR','0',14,'Calle Paseo del Acueducto 6772 L5 Col. Satelite Acueducto 6 Sector, Monterrey, Nuevo León C.P. 64968','MONTERREY','25° 35\' 35.0052\" N 100° 15\' 58.5706\" W','Alfarey','FOTOS ALFAREY','Sagge','FOTOS SAGGE'),
(585,'BANCO','0',14,'Calle Paseo del Acueducto 6772 L5 Col. Satelite Acueducto 6 Sector, Monterrey, Nuevo León C.P. 64968','MONTERREY','25° 35\' 35.0052\" N 100° 15\' 58.5706\" W','Alfarey','FOTOS ALFAREY','Sagge','FOTOS SAGGE'),
(586,'CALENTADOR','0',14,'Calle Paseo del Acueducto 6772 L5 Col. Satelite Acueducto 6 Sector, Monterrey, Nuevo León C.P. 64968','MONTERREY','25° 35\' 35.0052\" N 100° 15\' 58.5706\" W','Alfarey','FOTOS ALFAREY','Sagge','FOTOS SAGGE'),
(587,'ESCRITORIOS','3',14,'Carretera Nacional Km 265 Local 15, Colonia Los Cristales, Monterrey Nuevo León. CP 64985','MONTERREY','25° 32\' 38.5926\" N 100° 13\' 30.9004\" W','Deyma','FOTOS DEYMA','Brunch','FOTOS BRISTO BRUNCH'),
(588,'SILLAS DE ESCRITORIOS','5',14,'Carretera Nacional Km 265 Local 15, Colonia Los Cristales, Monterrey Nuevo León. CP 64985','MONTERREY','25° 32\' 38.5926\" N 100° 13\' 30.9004\" W','Deyma','FOTOS DEYMA','Brunch','FOTOS BRISTO BRUNCH'),
(589,'SILLAS ','2',14,'Carretera Nacional Km 265 Local 15, Colonia Los Cristales, Monterrey Nuevo León. CP 64985','MONTERREY','25° 32\' 38.5926\" N 100° 13\' 30.9004\" W','Deyma','FOTOS DEYMA','Brunch','FOTOS BRISTO BRUNCH'),
(590,'MESA (ESCRITORIO)','0',14,'Carretera Nacional Km 265 Local 15, Colonia Los Cristales, Monterrey Nuevo León. CP 64985','MONTERREY','25° 32\' 38.5926\" N 100° 13\' 30.9004\" W','Deyma','FOTOS DEYMA','Brunch','FOTOS BRISTO BRUNCH'),
(591,'SILLONES','1',14,'Carretera Nacional Km 265 Local 15, Colonia Los Cristales, Monterrey Nuevo León. CP 64985','MONTERREY','25° 32\' 38.5926\" N 100° 13\' 30.9004\" W','Deyma','FOTOS DEYMA','Brunch','FOTOS BRISTO BRUNCH'),
(592,'MESA  DE CENTRO','0',14,'Carretera Nacional Km 265 Local 15, Colonia Los Cristales, Monterrey Nuevo León. CP 64985','MONTERREY','25° 32\' 38.5926\" N 100° 13\' 30.9004\" W','Deyma','FOTOS DEYMA','Brunch','FOTOS BRISTO BRUNCH'),
(593,'CAJONERAS','0',14,'Carretera Nacional Km 265 Local 15, Colonia Los Cristales, Monterrey Nuevo León. CP 64985','MONTERREY','25° 32\' 38.5926\" N 100° 13\' 30.9004\" W','Deyma','FOTOS DEYMA','Brunch','FOTOS BRISTO BRUNCH'),
(594,'ESTANTES','2',14,'Carretera Nacional Km 265 Local 15, Colonia Los Cristales, Monterrey Nuevo León. CP 64985','MONTERREY','25° 32\' 38.5926\" N 100° 13\' 30.9004\" W','Deyma','FOTOS DEYMA','Brunch','FOTOS BRISTO BRUNCH'),
(595,'COMPUTADORA','0',14,'Carretera Nacional Km 265 Local 15, Colonia Los Cristales, Monterrey Nuevo León. CP 64985','MONTERREY','25° 32\' 38.5926\" N 100° 13\' 30.9004\" W','Deyma','FOTOS DEYMA','Brunch','FOTOS BRISTO BRUNCH'),
(596,'IMPRESORA','0',14,'Carretera Nacional Km 265 Local 15, Colonia Los Cristales, Monterrey Nuevo León. CP 64985','MONTERREY','25° 32\' 38.5926\" N 100° 13\' 30.9004\" W','Deyma','FOTOS DEYMA','Brunch','FOTOS BRISTO BRUNCH'),
(597,'TELEVISIÓN','0',14,'Carretera Nacional Km 265 Local 15, Colonia Los Cristales, Monterrey Nuevo León. CP 64985','MONTERREY','25° 32\' 38.5926\" N 100° 13\' 30.9004\" W','Deyma','FOTOS DEYMA','Brunch','FOTOS BRISTO BRUNCH'),
(598,'DISPENSADOR DE AGUA','0',14,'Carretera Nacional Km 265 Local 15, Colonia Los Cristales, Monterrey Nuevo León. CP 64985','MONTERREY','25° 32\' 38.5926\" N 100° 13\' 30.9004\" W','Deyma','FOTOS DEYMA','Brunch','FOTOS BRISTO BRUNCH'),
(599,'VENTILADOR','1',14,'Carretera Nacional Km 265 Local 15, Colonia Los Cristales, Monterrey Nuevo León. CP 64985','MONTERREY','25° 32\' 38.5926\" N 100° 13\' 30.9004\" W','Deyma','FOTOS DEYMA','Brunch','FOTOS BRISTO BRUNCH'),
(600,'BANCO','0',14,'Carretera Nacional Km 265 Local 15, Colonia Los Cristales, Monterrey Nuevo León. CP 64985','MONTERREY','25° 32\' 38.5926\" N 100° 13\' 30.9004\" W','Deyma','FOTOS DEYMA','Brunch','FOTOS BRISTO BRUNCH'),
(601,'CALENTADOR','0',14,'Carretera Nacional Km 265 Local 15, Colonia Los Cristales, Monterrey Nuevo León. CP 64985','MONTERREY','25° 32\' 38.5926\" N 100° 13\' 30.9004\" W','Deyma','FOTOS DEYMA','Brunch','FOTOS BRISTO BRUNCH'),
(602,'ESCRITORIOS','0',14,'CALLE DEL CIRCULO 265, COL. EL URO, MONTERREY, NUEVO LEON, C.P. 64986','MONTERREY','Emilio Garza Meléndez 7008','Aceromex','FOTOS ACEROMEX','Prosteel','FOTOS PROSTEEL'),
(603,'SILLAS DE ESCRITORIOS','4',14,'CALLE DEL CIRCULO 265, COL. EL URO, MONTERREY, NUEVO LEON, C.P. 64986','MONTERREY','Emilio Garza Meléndez 7008','Aceromex','FOTOS ACEROMEX','Prosteel','FOTOS PROSTEEL'),
(604,'SILLAS ','1',14,'CALLE DEL CIRCULO 265, COL. EL URO, MONTERREY, NUEVO LEON, C.P. 64986','MONTERREY','Emilio Garza Meléndez 7008','Aceromex','FOTOS ACEROMEX','Prosteel','FOTOS PROSTEEL'),
(605,'MESA (ESCRITORIO)','2',14,'CALLE DEL CIRCULO 265, COL. EL URO, MONTERREY, NUEVO LEON, C.P. 64986','MONTERREY','Emilio Garza Meléndez 7008','Aceromex','FOTOS ACEROMEX','Prosteel','FOTOS PROSTEEL'),
(606,'SILLONES','0',14,'CALLE DEL CIRCULO 265, COL. EL URO, MONTERREY, NUEVO LEON, C.P. 64986','MONTERREY','Emilio Garza Meléndez 7008','Aceromex','FOTOS ACEROMEX','Prosteel','FOTOS PROSTEEL'),
(607,'MESA  DE CENTRO','0',14,'CALLE DEL CIRCULO 265, COL. EL URO, MONTERREY, NUEVO LEON, C.P. 64986','MONTERREY','Emilio Garza Meléndez 7008','Aceromex','FOTOS ACEROMEX','Prosteel','FOTOS PROSTEEL'),
(608,'CAJONERAS','0',14,'CALLE DEL CIRCULO 265, COL. EL URO, MONTERREY, NUEVO LEON, C.P. 64986','MONTERREY','Emilio Garza Meléndez 7008','Aceromex','FOTOS ACEROMEX','Prosteel','FOTOS PROSTEEL'),
(609,'ESTANTES','2',14,'CALLE DEL CIRCULO 265, COL. EL URO, MONTERREY, NUEVO LEON, C.P. 64986','MONTERREY','Emilio Garza Meléndez 7008','Aceromex','FOTOS ACEROMEX','Prosteel','FOTOS PROSTEEL'),
(610,'COMPUTADORA','1',14,'CALLE DEL CIRCULO 265, COL. EL URO, MONTERREY, NUEVO LEON, C.P. 64986','MONTERREY','Emilio Garza Meléndez 7008','Aceromex','FOTOS ACEROMEX','Prosteel','FOTOS PROSTEEL'),
(611,'IMPRESORA','0',14,'CALLE DEL CIRCULO 265, COL. EL URO, MONTERREY, NUEVO LEON, C.P. 64986','MONTERREY','Emilio Garza Meléndez 7008','Aceromex','FOTOS ACEROMEX','Prosteel','FOTOS PROSTEEL'),
(612,'TELEVISIÓN','0',14,'CALLE DEL CIRCULO 265, COL. EL URO, MONTERREY, NUEVO LEON, C.P. 64986','MONTERREY','Emilio Garza Meléndez 7008','Aceromex','FOTOS ACEROMEX','Prosteel','FOTOS PROSTEEL'),
(613,'DISPENSADOR DE AGUA','0',14,'CALLE DEL CIRCULO 265, COL. EL URO, MONTERREY, NUEVO LEON, C.P. 64986','MONTERREY','Emilio Garza Meléndez 7008','Aceromex','FOTOS ACEROMEX','Prosteel','FOTOS PROSTEEL'),
(614,'VENTILADOR','0',14,'CALLE DEL CIRCULO 265, COL. EL URO, MONTERREY, NUEVO LEON, C.P. 64986','MONTERREY','Emilio Garza Meléndez 7008','Aceromex','FOTOS ACEROMEX','Prosteel','FOTOS PROSTEEL'),
(615,'BANCO','0',14,'CALLE DEL CIRCULO 265, COL. EL URO, MONTERREY, NUEVO LEON, C.P. 64986','MONTERREY','Emilio Garza Meléndez 7008','Aceromex','FOTOS ACEROMEX','Prosteel','FOTOS PROSTEEL'),
(616,'CALENTADOR','0',14,'CALLE DEL CIRCULO 265, COL. EL URO, MONTERREY, NUEVO LEON, C.P. 64986','MONTERREY','Emilio Garza Meléndez 7008','Aceromex','FOTOS ACEROMEX','Prosteel','FOTOS PROSTEEL'),
(617,'ESCRITORIOS','0',14,'CALLE ANTIGUO CAMINO VILLA SANTIAGO 310, COL. EL URO, MONTERREY, NUEVO LEON, C.P. 64986','MONTERREY','Círculo 265','Medicmas','FOTOS MEDICMAS','Global','FOTOS GLOBAL'),
(618,'SILLAS DE ESCRITORIOS','2',14,'CALLE ANTIGUO CAMINO VILLA SANTIAGO 310, COL. EL URO, MONTERREY, NUEVO LEON, C.P. 64986','MONTERREY','Círculo 265','Medicmas','FOTOS MEDICMAS','Global','FOTOS GLOBAL'),
(619,'SILLAS ','4',14,'CALLE ANTIGUO CAMINO VILLA SANTIAGO 310, COL. EL URO, MONTERREY, NUEVO LEON, C.P. 64986','MONTERREY','Círculo 265','Medicmas','FOTOS MEDICMAS','Global','FOTOS GLOBAL'),
(620,'MESA (ESCRITORIO)','2',14,'CALLE ANTIGUO CAMINO VILLA SANTIAGO 310, COL. EL URO, MONTERREY, NUEVO LEON, C.P. 64986','MONTERREY','Círculo 265','Medicmas','FOTOS MEDICMAS','Global','FOTOS GLOBAL'),
(621,'SILLONES','2',14,'CALLE ANTIGUO CAMINO VILLA SANTIAGO 310, COL. EL URO, MONTERREY, NUEVO LEON, C.P. 64986','MONTERREY','Círculo 265','Medicmas','FOTOS MEDICMAS','Global','FOTOS GLOBAL'),
(622,'MESA  DE CENTRO','0',14,'CALLE ANTIGUO CAMINO VILLA SANTIAGO 310, COL. EL URO, MONTERREY, NUEVO LEON, C.P. 64986','MONTERREY','Círculo 265','Medicmas','FOTOS MEDICMAS','Global','FOTOS GLOBAL'),
(623,'CAJONERAS','0',14,'CALLE ANTIGUO CAMINO VILLA SANTIAGO 310, COL. EL URO, MONTERREY, NUEVO LEON, C.P. 64986','MONTERREY','Círculo 265','Medicmas','FOTOS MEDICMAS','Global','FOTOS GLOBAL'),
(624,'ESTANTES','2',14,'CALLE ANTIGUO CAMINO VILLA SANTIAGO 310, COL. EL URO, MONTERREY, NUEVO LEON, C.P. 64986','MONTERREY','Círculo 265','Medicmas','FOTOS MEDICMAS','Global','FOTOS GLOBAL'),
(625,'COMPUTADORA','1',14,'CALLE ANTIGUO CAMINO VILLA SANTIAGO 310, COL. EL URO, MONTERREY, NUEVO LEON, C.P. 64986','MONTERREY','Círculo 265','Medicmas','FOTOS MEDICMAS','Global','FOTOS GLOBAL'),
(626,'IMPRESORA','0',14,'CALLE ANTIGUO CAMINO VILLA SANTIAGO 310, COL. EL URO, MONTERREY, NUEVO LEON, C.P. 64986','MONTERREY','Círculo 265','Medicmas','FOTOS MEDICMAS','Global','FOTOS GLOBAL'),
(627,'TELEVISIÓN','0',14,'CALLE ANTIGUO CAMINO VILLA SANTIAGO 310, COL. EL URO, MONTERREY, NUEVO LEON, C.P. 64986','MONTERREY','Círculo 265','Medicmas','FOTOS MEDICMAS','Global','FOTOS GLOBAL'),
(628,'DISPENSADOR DE AGUA','0',14,'CALLE ANTIGUO CAMINO VILLA SANTIAGO 310, COL. EL URO, MONTERREY, NUEVO LEON, C.P. 64986','MONTERREY','Círculo 265','Medicmas','FOTOS MEDICMAS','Global','FOTOS GLOBAL'),
(629,'VENTILADOR','0',14,'CALLE ANTIGUO CAMINO VILLA SANTIAGO 310, COL. EL URO, MONTERREY, NUEVO LEON, C.P. 64986','MONTERREY','Círculo 265','Medicmas','FOTOS MEDICMAS','Global','FOTOS GLOBAL'),
(630,'BANCO','0',14,'CALLE ANTIGUO CAMINO VILLA SANTIAGO 310, COL. EL URO, MONTERREY, NUEVO LEON, C.P. 64986','MONTERREY','Círculo 265','Medicmas','FOTOS MEDICMAS','Global','FOTOS GLOBAL'),
(631,'CALENTADOR','0',14,'CALLE ANTIGUO CAMINO VILLA SANTIAGO 310, COL. EL URO, MONTERREY, NUEVO LEON, C.P. 64986','MONTERREY','Círculo 265','Medicmas','FOTOS MEDICMAS','Global','FOTOS GLOBAL'),
(632,'ESCRITORIOS','2',14,'Cola de Caballo km 1 #117, Local 16, Cieneguilla Santiago Nuevo León. CP 67308','MONTERREY','25° 33\' 19.417\" N 100° 13\' 52.135\" W','Alimsa','FOTOS ALIMSA','Grupo Proxtec','FOTOS PROXTEC'),
(633,'SILLAS DE ESCRITORIOS','5',14,'Cola de Caballo km 1 #117, Local 16, Cieneguilla Santiago Nuevo León. CP 67308','MONTERREY','25° 33\' 19.417\" N 100° 13\' 52.135\" W','Alimsa','FOTOS ALIMSA','Grupo Proxtec','FOTOS PROXTEC'),
(634,'SILLAS ','0',14,'Cola de Caballo km 1 #117, Local 16, Cieneguilla Santiago Nuevo León. CP 67308','MONTERREY','25° 33\' 19.417\" N 100° 13\' 52.135\" W','Alimsa','FOTOS ALIMSA','Grupo Proxtec','FOTOS PROXTEC'),
(635,'MESA (ESCRITORIO)','3',14,'Cola de Caballo km 1 #117, Local 16, Cieneguilla Santiago Nuevo León. CP 67308','MONTERREY','25° 33\' 19.417\" N 100° 13\' 52.135\" W','Alimsa','FOTOS ALIMSA','Grupo Proxtec','FOTOS PROXTEC'),
(636,'SILLONES','0',14,'Cola de Caballo km 1 #117, Local 16, Cieneguilla Santiago Nuevo León. CP 67308','MONTERREY','25° 33\' 19.417\" N 100° 13\' 52.135\" W','Alimsa','FOTOS ALIMSA','Grupo Proxtec','FOTOS PROXTEC'),
(637,'MESA  DE CENTRO','0',14,'Cola de Caballo km 1 #117, Local 16, Cieneguilla Santiago Nuevo León. CP 67308','MONTERREY','25° 33\' 19.417\" N 100° 13\' 52.135\" W','Alimsa','FOTOS ALIMSA','Grupo Proxtec','FOTOS PROXTEC'),
(638,'CAJONERAS','0',14,'Cola de Caballo km 1 #117, Local 16, Cieneguilla Santiago Nuevo León. CP 67308','MONTERREY','25° 33\' 19.417\" N 100° 13\' 52.135\" W','Alimsa','FOTOS ALIMSA','Grupo Proxtec','FOTOS PROXTEC'),
(639,'ESTANTES','2',14,'Cola de Caballo km 1 #117, Local 16, Cieneguilla Santiago Nuevo León. CP 67308','MONTERREY','25° 33\' 19.417\" N 100° 13\' 52.135\" W','Alimsa','FOTOS ALIMSA','Grupo Proxtec','FOTOS PROXTEC'),
(640,'COMPUTADORA','2',14,'Cola de Caballo km 1 #117, Local 16, Cieneguilla Santiago Nuevo León. CP 67308','MONTERREY','25° 33\' 19.417\" N 100° 13\' 52.135\" W','Alimsa','FOTOS ALIMSA','Grupo Proxtec','FOTOS PROXTEC'),
(641,'IMPRESORA','1',14,'Cola de Caballo km 1 #117, Local 16, Cieneguilla Santiago Nuevo León. CP 67308','MONTERREY','25° 33\' 19.417\" N 100° 13\' 52.135\" W','Alimsa','FOTOS ALIMSA','Grupo Proxtec','FOTOS PROXTEC'),
(642,'TELEVISIÓN','2',14,'Cola de Caballo km 1 #117, Local 16, Cieneguilla Santiago Nuevo León. CP 67308','MONTERREY','25° 33\' 19.417\" N 100° 13\' 52.135\" W','Alimsa','FOTOS ALIMSA','Grupo Proxtec','FOTOS PROXTEC'),
(643,'DISPENSADOR DE AGUA','0',14,'Cola de Caballo km 1 #117, Local 16, Cieneguilla Santiago Nuevo León. CP 67308','MONTERREY','25° 33\' 19.417\" N 100° 13\' 52.135\" W','Alimsa','FOTOS ALIMSA','Grupo Proxtec','FOTOS PROXTEC'),
(644,'VENTILADOR','0',14,'Cola de Caballo km 1 #117, Local 16, Cieneguilla Santiago Nuevo León. CP 67308','MONTERREY','25° 33\' 19.417\" N 100° 13\' 52.135\" W','Alimsa','FOTOS ALIMSA','Grupo Proxtec','FOTOS PROXTEC'),
(645,'BANCO','0',14,'Cola de Caballo km 1 #117, Local 16, Cieneguilla Santiago Nuevo León. CP 67308','MONTERREY','25° 33\' 19.417\" N 100° 13\' 52.135\" W','Alimsa','FOTOS ALIMSA','Grupo Proxtec','FOTOS PROXTEC'),
(646,'CALENTADOR','1',14,'Cola de Caballo km 1 #117, Local 16, Cieneguilla Santiago Nuevo León. CP 67308','MONTERREY','25° 33\' 19.417\" N 100° 13\' 52.135\" W','Alimsa','FOTOS ALIMSA','Grupo Proxtec','FOTOS PROXTEC'),
(647,'ESCRITORIOS','2',14,'Carretera Nacional #600, Colonia Centro Allende, Allende Nuevo León.  CP 67350','SANTIAGO','Cola de Caballo 117','Genox','FOTOS GENOX','Cleanplace','FOTOS CLEANPLACE'),
(648,'SILLAS DE ESCRITORIOS','4',14,'Carretera Nacional #600, Colonia Centro Allende, Allende Nuevo León.  CP 67350','SANTIAGO','Cola de Caballo 117','Genox','FOTOS GENOX','Cleanplace','FOTOS CLEANPLACE'),
(649,'SILLAS ','0',14,'Carretera Nacional #600, Colonia Centro Allende, Allende Nuevo León.  CP 67350','SANTIAGO','Cola de Caballo 117','Genox','FOTOS GENOX','Cleanplace','FOTOS CLEANPLACE'),
(650,'MESA (ESCRITORIO)','1',14,'Carretera Nacional #600, Colonia Centro Allende, Allende Nuevo León.  CP 67350','SANTIAGO','Cola de Caballo 117','Genox','FOTOS GENOX','Cleanplace','FOTOS CLEANPLACE'),
(651,'SILLONES','1',14,'Carretera Nacional #600, Colonia Centro Allende, Allende Nuevo León.  CP 67350','SANTIAGO','Cola de Caballo 117','Genox','FOTOS GENOX','Cleanplace','FOTOS CLEANPLACE'),
(652,'MESA  DE CENTRO','0',14,'Carretera Nacional #600, Colonia Centro Allende, Allende Nuevo León.  CP 67350','SANTIAGO','Cola de Caballo 117','Genox','FOTOS GENOX','Cleanplace','FOTOS CLEANPLACE'),
(653,'CAJONERAS','0',14,'Carretera Nacional #600, Colonia Centro Allende, Allende Nuevo León.  CP 67350','SANTIAGO','Cola de Caballo 117','Genox','FOTOS GENOX','Cleanplace','FOTOS CLEANPLACE'),
(654,'ESTANTES','2',14,'Carretera Nacional #600, Colonia Centro Allende, Allende Nuevo León.  CP 67350','SANTIAGO','Cola de Caballo 117','Genox','FOTOS GENOX','Cleanplace','FOTOS CLEANPLACE'),
(655,'COMPUTADORA','2',14,'Carretera Nacional #600, Colonia Centro Allende, Allende Nuevo León.  CP 67350','SANTIAGO','Cola de Caballo 117','Genox','FOTOS GENOX','Cleanplace','FOTOS CLEANPLACE'),
(656,'IMPRESORA','0',14,'Carretera Nacional #600, Colonia Centro Allende, Allende Nuevo León.  CP 67350','SANTIAGO','Cola de Caballo 117','Genox','FOTOS GENOX','Cleanplace','FOTOS CLEANPLACE'),
(657,'TELEVISIÓN','0',14,'Carretera Nacional #600, Colonia Centro Allende, Allende Nuevo León.  CP 67350','SANTIAGO','Cola de Caballo 117','Genox','FOTOS GENOX','Cleanplace','FOTOS CLEANPLACE'),
(658,'DISPENSADOR DE AGUA','0',14,'Carretera Nacional #600, Colonia Centro Allende, Allende Nuevo León.  CP 67350','SANTIAGO','Cola de Caballo 117','Genox','FOTOS GENOX','Cleanplace','FOTOS CLEANPLACE'),
(659,'VENTILADOR','0',14,'Carretera Nacional #600, Colonia Centro Allende, Allende Nuevo León.  CP 67350','SANTIAGO','Cola de Caballo 117','Genox','FOTOS GENOX','Cleanplace','FOTOS CLEANPLACE'),
(660,'BANCO','0',14,'Carretera Nacional #600, Colonia Centro Allende, Allende Nuevo León.  CP 67350','SANTIAGO','Cola de Caballo 117','Genox','FOTOS GENOX','Cleanplace','FOTOS CLEANPLACE'),
(661,'CALENTADOR','0',14,'Carretera Nacional #600, Colonia Centro Allende, Allende Nuevo León.  CP 67350','SANTIAGO','Cola de Caballo 117','Genox','FOTOS GENOX','Cleanplace','FOTOS CLEANPLACE'),
(665,'negra','15000',14,'lopez mateos','vjhbikg','cgvjo','cgyuhj','../../assets/images/it.png','vvuvi8','../../assets/images/silla.webp'),
(666,'ana','12062',9,'lopez mateos','Veracruz ','jiji','cgyuhj','../../assets/images/aesthetic snoopy spotify playlist cover.jpg','v2','../../assets/images/snowflakes-8223860_1280.jpg');

/*Table structure for table `login` */

DROP TABLE IF EXISTS `login`;

CREATE TABLE `login` (
  `id` int(10) NOT NULL AUTO_INCREMENT,
  `fullName` varchar(250) DEFAULT NULL,
  `email` varchar(50) DEFAULT NULL,
  `password` varchar(50) DEFAULT NULL,
  `tokenUser` varchar(50) DEFAULT NULL,
  PRIMARY KEY (`id`)
) ENGINE=InnoDB AUTO_INCREMENT=23 DEFAULT CHARSET=utf8mb4;

/*Data for the table `login` */

insert  into `login`(`id`,`fullName`,`email`,`password`,`tokenUser`) values 
(1,'Urian Viera ','iamdeveloper86@gmail.com','123',NULL),
(18,'Juan Bautista','desarrollo@kabzo.org','15a0',NULL);

/*Table structure for table `mobiliario` */

DROP TABLE IF EXISTS `mobiliario`;

CREATE TABLE `mobiliario` (
  `Id_mobiliario` int(11) NOT NULL AUTO_INCREMENT,
  `foto` varchar(200) CHARACTER SET utf8mb4 COLLATE utf8mb4_bin NOT NULL,
  `descripcion` varchar(100) NOT NULL,
  `modelo` varchar(30) NOT NULL,
  `marca` varchar(30) NOT NULL,
  `condicion` varchar(20) NOT NULL,
  `total` varchar(10) NOT NULL,
  `Id_oficina` int(11) NOT NULL,
  `Id_departamento` int(11) NOT NULL,
  `costo` int(20) NOT NULL,
  `disponibilidad` varchar(20) NOT NULL,
  PRIMARY KEY (`Id_mobiliario`),
  KEY `Id_oficina` (`Id_oficina`),
  KEY `Id_departamento` (`Id_departamento`),
  CONSTRAINT `mobiliario_ibfk_2` FOREIGN KEY (`Id_oficina`) REFERENCES `oficina` (`Id_Oficina`) ON DELETE CASCADE ON UPDATE CASCADE,
  CONSTRAINT `mobiliario_ibfk_3` FOREIGN KEY (`Id_departamento`) REFERENCES `departamentos` (`Id_departamento`) ON DELETE CASCADE ON UPDATE CASCADE
) ENGINE=InnoDB AUTO_INCREMENT=332 DEFAULT CHARSET=utf8mb4;

/*Data for the table `mobiliario` */

insert  into `mobiliario`(`Id_mobiliario`,`foto`,`descripcion`,`modelo`,`marca`,`condicion`,`total`,`Id_oficina`,`Id_departamento`,`costo`,`disponibilidad`) values 
(147,'sd','sd','sd','s','d','3',2,10,90,'no'),
(148,'foto','Malla 0','H-3642','ULINE','en buen estado','1',1,10,9356,'ASIGNADO'),
(149,'foto','Malla 1','H-3643','ULINE','en buen estado','1',1,10,13200,'VACANTE'),
(150,'foto','Malla 2','H-3644','ofiplan','en buen estado','1',1,10,22810,'ASIGNADO'),
(151,'foto','Malla 3','H-3645','ULINE','en buen estado','1',1,10,23800,'ASIGNADO'),
(152,'foto','Malla 4','H-3646','ULINE','en buen estado','1',1,10,5920,'VACANTE'),
(153,'foto','Malla 5','H-3647','OFFIMOBILE','en buen estado','1',1,10,31200,'ASIGNADO'),
(154,'foto','Malla 6','H-3648','OFFIMOBILE','en buen estado','1',1,10,4356,'VACANTE'),
(155,'foto','Malla 7','H-3649','ULINE','en buen estado','1',1,10,12800,'ASIGNADO'),
(156,'foto','Malla 8','H-3650','ULINE','en buen estado','1',1,10,13800,'ASIGNADO'),
(157,'foto','Malla 9','H-3651','ofiplan','en buen estado','1',1,10,5920,'ASIGNADO'),
(158,'foto','Malla 10','H-3652','ULINE','en buen estado','1',1,10,31200,'ASIGNADO'),
(159,'foto','Malla 11','H-3653','ofiplan','en buen estado','1',1,10,4356,'ASIGNADO'),
(160,'foto','Malla 12','H-3654','ofiplan','en buen estado','1',1,10,4356,'ASIGNADO'),
(161,'foto','Malla 13','H-3655','OFFIMOBILE','en buen estado','1',1,10,12800,'ASIGNADO'),
(162,'foto','Malla 14','H-3656','OFFIMOBILE','en buen estado','1',1,10,9356,'ASIGNADO'),
(163,'foto','Malla 15','H-3657','ofiplan','en buen estado','1',1,10,13200,'ASIGNADO'),
(164,'foto','Malla 16','H-3658','ofiplan','en buen estado','1',1,10,9356,'ASIGNADO'),
(165,'foto','Malla 17','H-3659','ULINE','en buen estado','1',1,10,13200,'ASIGNADO'),
(166,'foto','Malla 18','H-3660','ULINE','en buen estado','1',1,10,22810,'ASIGNADO'),
(167,'foto','Malla 19','H-3661','ofiplan','en buen estado','1',1,10,23800,'ASIGNADO'),
(168,'foto','Malla 20','H-3662','ofiplan','en buen estado','1',1,10,13800,'VACANTE'),
(169,'foto','Malla 21','H-3663','ofiplan','en buen estado','1',1,10,5920,'ASIGNADO'),
(170,'foto','Malla 22','H-3664','OFFIMOBILE','en buen estado','1',1,10,31200,'ASIGNADO'),
(171,'foto','Malla 23','H-3665','OFFIMOBILE','en buen estado','1',1,10,10457,'ASIGNADO'),
(172,'foto','Malla 24','H-3666','ofiplan','en buen estado','1',1,10,13800,'ASIGNADO'),
(173,'foto','Malla 25','H-3667','ofiplan','en buen estado','1',1,10,5920,'ASIGNADO'),
(174,'foto','Malla 26','H-3668','ofiplan','en buen estado','1',1,10,31200,'ASIGNADO'),
(175,'foto','Malla 27','H-3669','ULINE','en buen estado','1',1,10,13200,'ASIGNADO'),
(176,'foto','Malla 28','H-3670','ofiplan','en buen estado','1',1,10,22810,'ASIGNADO'),
(177,'foto','Malla 29','H-3671','OFFIMOBILE','en buen estado','1',1,10,23800,'ASIGNADO'),
(178,'foto','Malla 30','H-3672','OFFIMOBILE','en buen estado','1',1,10,9542,'ASIGNADO'),
(179,'foto','Malla 31','H-3673','ofiplan','en buen estado','1',1,10,12800,'ASIGNADO'),
(180,'../../assets/images/it.png','negra','!phone','Apple','buena','1',1,6,4210,'si'),
(181,'../../assets/images/descarga.jpg','ana','ana','ana','ana','12062024',2,6,258,'si');

/*Table structure for table `oficina` */

DROP TABLE IF EXISTS `oficina`;

CREATE TABLE `oficina` (
  `Id_Oficina` int(11) NOT NULL AUTO_INCREMENT,
  `nombre` varchar(100) NOT NULL,
  `direccion` varchar(70) NOT NULL,
  PRIMARY KEY (`Id_Oficina`)
) ENGINE=InnoDB AUTO_INCREMENT=6 DEFAULT CHARSET=utf8mb4;

/*Data for the table `oficina` */

insert  into `oficina`(`Id_Oficina`,`nombre`,`direccion`) values 
(1,'102','Monterrey'),
(2,'kabzo','monterreu'),
(3,'kabzo1','lopez mateos'),
(4,'kabzo2','lopez mateos'),
(5,'102 V1','lopez mateos');

/*Table structure for table `password_resets` */

DROP TABLE IF EXISTS `password_resets`;

CREATE TABLE `password_resets` (
  `id` int(11) NOT NULL AUTO_INCREMENT,
  `email` varchar(255) NOT NULL,
  `token` varchar(255) NOT NULL,
  `created_at` timestamp NOT NULL DEFAULT current_timestamp(),
  PRIMARY KEY (`id`)
) ENGINE=InnoDB AUTO_INCREMENT=4 DEFAULT CHARSET=utf8mb4;

/*Data for the table `password_resets` */

insert  into `password_resets`(`id`,`email`,`token`,`created_at`) values 
(1,'desarrollo@kabzo.org','aab660aa0c8796327866a1d2f68a6286f5a4dd01d85b28e8bdab1d16c293ce94060d28bd2b3a1155ed35645ead81b6454c1c','2024-07-16 12:17:54'),
(2,'desarrollo@kabzo.org','366cb28e5377db7702165c6c5a0ba13e2c73bbd7a44a2e17a2539f132fb85d0caefa920eabd77b3e4f2c5d464cc32dfce4e8','2024-07-16 12:25:25'),
(3,'desarrollo@kabzo.org','a43c8adc5aa1a07e60c2e8d815413efa5c2836e9eb6247d8aebe8f1e802575c62133e3933957d64ff7e55b66befd41783ab1','2024-07-16 12:32:51');

/*Table structure for table `puestos` */

DROP TABLE IF EXISTS `puestos`;

CREATE TABLE `puestos` (
  `Id_puesto` int(11) NOT NULL AUTO_INCREMENT,
  `nombre` varchar(100) NOT NULL,
  PRIMARY KEY (`Id_puesto`)
) ENGINE=InnoDB AUTO_INCREMENT=8 DEFAULT CHARSET=utf8mb4;

/*Data for the table `puestos` */

insert  into `puestos`(`Id_puesto`,`nombre`) values 
(1,'Staff'),
(2,'Director'),
(3,'Supervisor'),
(7,'Prueba');

/*Table structure for table `roles` */

DROP TABLE IF EXISTS `roles`;

CREATE TABLE `roles` (
  `id_rol` int(10) NOT NULL AUTO_INCREMENT,
  `nombre_rol` varchar(100) DEFAULT NULL,
  `subname` varchar(100) DEFAULT NULL,
  PRIMARY KEY (`id_rol`)
) ENGINE=InnoDB AUTO_INCREMENT=12 DEFAULT CHARSET=utf8mb4;

/*Data for the table `roles` */

insert  into `roles`(`id_rol`,`nombre_rol`,`subname`) values 
(1,'Traslado - Mantenimiento','Solicitud de movimiento '),
(2,'Gestor de gastos - Presupuestos','Solicitud de baja'),
(3,'Fabricante de mobiliario - Arquitectura','Solicitud de fabricar nuevo mobiliario'),
(4,'Gestor de compras - Mantenimiento','Solicitud de compra nuevo'),
(5,'Usuario General',NULL),
(6,'Control total - Root',NULL),
(7,'configuracion','configuracion'),
(8,'configuracion','undefined'),
(9,'configuracion','undefined'),
(10,'bueno','nuen'),
(11,'Prueba1','Prueba1');

/*Table structure for table `solicitudbaja` */

DROP TABLE IF EXISTS `solicitudbaja`;

CREATE TABLE `solicitudbaja` (
  `Id_solicitudBaja` int(11) NOT NULL AUTO_INCREMENT,
  `Id_inventario` int(11) NOT NULL,
  `motivoBaja` varchar(50) NOT NULL,
  `solicitudPresupuesto` varchar(10) NOT NULL,
  `Id_usuario` int(11) NOT NULL,
  `fechaSolicitud` timestamp NOT NULL DEFAULT current_timestamp() ON UPDATE current_timestamp(),
  `fechaAutorizacion` date NOT NULL,
  `id_rol_soli` int(10) NOT NULL,
  `tabla` varchar(50) DEFAULT NULL,
  `estatu` varchar(20) DEFAULT NULL,
  PRIMARY KEY (`Id_solicitudBaja`),
  KEY `Id_usuario` (`Id_usuario`),
  KEY `id_depa_encargado` (`id_rol_soli`),
  CONSTRAINT `solicitudbaja_ibfk_2` FOREIGN KEY (`Id_usuario`) REFERENCES `usuarios` (`Id_Usuario`) ON DELETE CASCADE ON UPDATE CASCADE,
  CONSTRAINT `solicitudbaja_ibfk_3` FOREIGN KEY (`id_rol_soli`) REFERENCES `roles` (`id_rol`) ON DELETE CASCADE ON UPDATE CASCADE
) ENGINE=InnoDB AUTO_INCREMENT=98 DEFAULT CHARSET=utf8mb4;

/*Data for the table `solicitudbaja` */

insert  into `solicitudbaja`(`Id_solicitudBaja`,`Id_inventario`,`motivoBaja`,`solicitudPresupuesto`,`Id_usuario`,`fechaSolicitud`,`fechaAutorizacion`,`id_rol_soli`,`tabla`,`estatu`) values 
(89,460,'pruebas de solicitudes - envia juan','',25,'2024-06-17 10:35:44','0000-00-00',1,'computadora',NULL),
(90,1029,'pruebas de solicitud - envia juan para baja le deb','',25,'2024-06-17 10:37:36','0000-00-00',2,'celular',NULL),
(91,148,'pruebas en zoom','',25,'2024-11-05 13:54:57','0000-00-00',2,'mobiliario',NULL),
(92,148,'pruebas en zoom','',25,'2024-11-05 13:55:01','0000-00-00',2,'mobiliario',NULL),
(93,148,'pruebas en zoom','',25,'2024-11-05 13:55:01','0000-00-00',2,'mobiliario',NULL),
(94,148,'pruebas en zoom','',25,'2024-11-05 13:55:01','0000-00-00',2,'mobiliario',NULL),
(95,148,'pruebas en zoom','',25,'2024-11-05 13:55:01','0000-00-00',2,'mobiliario',NULL),
(96,1029,'le llega a mantenimiento','',25,'2024-11-05 13:56:51','0000-00-00',1,'celular',NULL),
(97,148,'baja zoom','',25,'2024-11-06 16:10:50','0000-00-00',2,'mobiliario',NULL);

/*Table structure for table `solicitudmaterialsinasignado` */

DROP TABLE IF EXISTS `solicitudmaterialsinasignado`;

CREATE TABLE `solicitudmaterialsinasignado` (
  `Id_solicitudMaterial` int(11) NOT NULL AUTO_INCREMENT,
  `descripcion` varchar(100) NOT NULL,
  `solicitudMantenimiento` varchar(50) NOT NULL,
  `Id_Usuario` int(11) NOT NULL,
  `fechaSolicitud` date NOT NULL,
  `fechaAutorizacion` date NOT NULL,
  `Id_inventario` int(11) NOT NULL,
  `motivoSolicitud` varchar(50) NOT NULL,
  `tipoProducto` varchar(50) NOT NULL,
  PRIMARY KEY (`Id_solicitudMaterial`),
  KEY `Id_Usuario` (`Id_Usuario`),
  KEY `Id_producto` (`Id_inventario`),
  CONSTRAINT `solicitudmaterialsinasignado_ibfk_1` FOREIGN KEY (`Id_Usuario`) REFERENCES `usuarios` (`Id_Usuario`),
  CONSTRAINT `solicitudmaterialsinasignado_ibfk_2` FOREIGN KEY (`Id_inventario`) REFERENCES `inventarios` (`Id_inventario`) ON DELETE CASCADE ON UPDATE CASCADE
) ENGINE=InnoDB DEFAULT CHARSET=utf8mb4;

/*Data for the table `solicitudmaterialsinasignado` */

/*Table structure for table `solicitudmovimiento` */

DROP TABLE IF EXISTS `solicitudmovimiento`;

CREATE TABLE `solicitudmovimiento` (
  `Id_movimiento` int(11) NOT NULL AUTO_INCREMENT,
  `Id_inventario` int(11) NOT NULL,
  `motivoMovimiento` varchar(100) NOT NULL,
  `solicitudPresupuesto` varchar(10) NOT NULL,
  `Id_usuario` int(11) NOT NULL,
  `fechaSolicitud` date NOT NULL,
  `fechaAutorizacion` date NOT NULL,
  `solicitudMantenimiento` varchar(10) NOT NULL,
  `ultimoMovimiento` varchar(10) DEFAULT NULL,
  PRIMARY KEY (`Id_movimiento`),
  KEY `Id_usuario` (`Id_usuario`),
  CONSTRAINT `solicitudmovimiento_ibfk_1` FOREIGN KEY (`Id_usuario`) REFERENCES `usuarios` (`Id_Usuario`),
  CONSTRAINT `solicitudmovimiento_ibfk_2` FOREIGN KEY (`Id_inventario`) REFERENCES `inventarios` (`Id_inventario`) ON DELETE CASCADE ON UPDATE CASCADE
) ENGINE=InnoDB DEFAULT CHARSET=utf8mb4;

/*Data for the table `solicitudmovimiento` */

/*Table structure for table `users` */

DROP TABLE IF EXISTS `users`;

CREATE TABLE `users` (
  `id` int(11) NOT NULL AUTO_INCREMENT,
  `first_name` varchar(100) COLLATE utf8_unicode_ci NOT NULL,
  `last_name` varchar(100) COLLATE utf8_unicode_ci NOT NULL,
  `email` varchar(100) COLLATE utf8_unicode_ci NOT NULL,
  `password` varchar(255) COLLATE utf8_unicode_ci NOT NULL,
  `phone` varchar(15) COLLATE utf8_unicode_ci NOT NULL,
  `forgot_pass_identity` varchar(32) COLLATE utf8_unicode_ci NOT NULL,
  `created` datetime NOT NULL,
  `modified` datetime NOT NULL,
  `status` enum('1','0') COLLATE utf8_unicode_ci NOT NULL DEFAULT '1',
  PRIMARY KEY (`id`)
) ENGINE=InnoDB AUTO_INCREMENT=3 DEFAULT CHARSET=utf8 COLLATE=utf8_unicode_ci;

/*Data for the table `users` */

/*Table structure for table `usuarios` */

DROP TABLE IF EXISTS `usuarios`;

CREATE TABLE `usuarios` (
  `Id_Usuario` int(11) NOT NULL AUTO_INCREMENT,
  `email` varchar(60) NOT NULL,
  `nombre` varchar(50) NOT NULL,
  `apellido` varchar(50) NOT NULL,
  `contrasena` varchar(260) NOT NULL,
  `verificacionContrasena` varchar(10) NOT NULL,
  `fechaRegistro` timestamp NOT NULL DEFAULT current_timestamp() ON UPDATE current_timestamp(),
  `fechaUltimoIngreso` date NOT NULL,
  `rolActual` int(20) NOT NULL,
  `ultimoRol` varchar(20) NOT NULL,
  `fechaUltimoRol` date NOT NULL,
  `Id_puesto` int(11) NOT NULL,
  `Id_departamento` int(11) NOT NULL,
  `Id_oficina` int(11) NOT NULL,
  `id_depa` varchar(10) DEFAULT NULL,
  `token` varchar(255) DEFAULT NULL,
  `estatu` int(5) DEFAULT NULL,
  PRIMARY KEY (`Id_Usuario`),
  KEY `Id_puesto` (`Id_puesto`),
  KEY `Id_departamento` (`Id_departamento`),
  KEY `Id_Oficina` (`Id_oficina`),
  KEY `rolActual` (`rolActual`),
  CONSTRAINT `usuarios_ibfk_1` FOREIGN KEY (`Id_puesto`) REFERENCES `puestos` (`Id_puesto`) ON DELETE CASCADE ON UPDATE CASCADE,
  CONSTRAINT `usuarios_ibfk_2` FOREIGN KEY (`Id_departamento`) REFERENCES `departamentos` (`Id_departamento`) ON DELETE CASCADE ON UPDATE CASCADE,
  CONSTRAINT `usuarios_ibfk_3` FOREIGN KEY (`Id_oficina`) REFERENCES `oficina` (`Id_Oficina`) ON DELETE CASCADE ON UPDATE CASCADE,
  CONSTRAINT `usuarios_ibfk_4` FOREIGN KEY (`rolActual`) REFERENCES `roles` (`id_rol`) ON DELETE CASCADE ON UPDATE CASCADE
) ENGINE=InnoDB AUTO_INCREMENT=36 DEFAULT CHARSET=utf8mb4;

/*Data for the table `usuarios` */

insert  into `usuarios`(`Id_Usuario`,`email`,`nombre`,`apellido`,`contrasena`,`verificacionContrasena`,`fechaRegistro`,`fechaUltimoIngreso`,`rolActual`,`ultimoRol`,`fechaUltimoRol`,`Id_puesto`,`Id_departamento`,`Id_oficina`,`id_depa`,`token`,`estatu`) values 
(25,'desarrollo@kabzo.org','Juan ','Bautista Hernández','$2y$10$FHlpxIVm1DHIGsXOcFxCp.7DYUSV0qmtV.D2sLFFDv.buFDYdCcBa','12345','2024-11-29 13:34:38','2024-11-29',5,'','0000-00-00',2,10,2,NULL,'fdfcbdf5a4f32e5778cb63f0e31f260575c5fc7ce8080b0f7f89944d41f581b6def72339890decbbca0da7d35da4d3fab02c',1),
(34,'projectmanager@kabzo.org','Sarai ','Bello','$2y$10$2QUyegjUr4Wea9X7lGPUdukOJAsM88oZFn9yCZxNAONWJIqyo1Gna','12345','2024-07-16 14:37:22','2024-06-19',2,'','0000-00-00',3,6,2,NULL,NULL,1),
(35,'optimizacion@kabzo.org','Anahi','Anaaaaaaaa','$2y$10$OBpoDaUeIGeKiFCe0A9nP.tTwvVijO8.6/1Mb85xT6NHNPZ84EMUG','12345','2024-07-16 14:37:27','2024-06-17',1,'','0000-00-00',1,6,1,NULL,NULL,1);

/*!40101 SET SQL_MODE=@OLD_SQL_MODE */;
/*!40014 SET FOREIGN_KEY_CHECKS=@OLD_FOREIGN_KEY_CHECKS */;
/*!40014 SET UNIQUE_CHECKS=@OLD_UNIQUE_CHECKS */;
/*!40111 SET SQL_NOTES=@OLD_SQL_NOTES */;
